X,Y,MARKID,MARKTYPE1,MARKTYPE2,MARKNAME1,MARKNAME2,MDATE,ADDRESS,TEL
121.537683042861,24.958197863033,F0000003261,"9960103",,臺北捷運新店站_G01,北捷新店站_G01,"201904",新北市新店區北宜路一段2號,02-218-12345
121.537732574858,24.9582106125616,F0000003151,"9960103",,臺北捷運新店站-出入口,北捷新店站-出入口,"201904",新北市新店區北新路一段與北宜路一段交叉口,
121.418546677553,24.9589837172989,F0000010541,"9960103",,臺北捷運頂埔站-出入口2,北捷頂埔站-出入口2,"202201",新北市土城區中央路四段，近鴻海精密工業,
121.418552523535,24.9591603210369,F0000000573,"9960103",,臺北捷運頂埔站_BL01,北捷頂埔站_BL01,"201906",新北市土城區中央路四段51之6號B3,02-218-12345
121.418341021687,24.9593407765665,F0000009516,"9960103",,臺北捷運頂埔站-出入口1,北捷頂埔站-出入口1,"202201",新北市土城區中央路四段約100號旁,
121.419777382833,24.9596429562118,F0000010542,"9960103",,臺北捷運頂埔站-出入口3,北捷頂埔站-出入口3,"202201",新北市土城區中央路四段51之6號，近嵿埔之星科技廣場,
121.419555425765,24.9600255588903,F0000016371,"9960103",,臺北捷運頂埔站-出入口4,北捷頂埔站-出入口4,"202201",新北市土城區中央路四段62號旁,
121.435801327971,24.965965708561,F0000003152,"9960103",,臺北捷運永寧站-出入口2,北捷永寧站-出入口2,"202201",新北市土城區中央路三段、承天路口,
121.435563543319,24.966671817906,F0000003153,"9960103",,臺北捷運永寧站-出入口1,北捷永寧站-出入口1,"201904",新北市土城區中央路三段98巷口,
121.436275937166,24.9668762175852,F0000003235,"9960103",,臺北捷運永寧站_BL02,北捷永寧站_BL02,"202201",新北市土城區中央路三段105號B1,02-218-12345
121.43709438941,24.9672077724349,F0000003154,"9960103",,臺北捷運永寧站-出入口3,北捷永寧站-出入口3,"202201",新北市土城區中央路三段、近89巷口,
121.436817696425,24.9674930194673,F0000003155,"9960103",,臺北捷運永寧站-出入口4,北捷永寧站-出入口4,"202201",新北市土城區中央路三段60號,
121.541123804033,24.9674228147426,F0000003156,"9960103",,臺北捷運新店區公所站-出入口1,北捷新店區公所站-出入口1,"201904",新北市新店區北新路一段295號與中華路交叉口,
121.541491349835,24.9677304132273,F0000003262,"9960103",,臺北捷運新店區公所站_G02,北捷新店區公所站_G02,"201904",新北市新店區北新路一段295號,02-218-12345
121.541799770566,24.9679249586232,F0000003157,"9960103",,臺北捷運新店區公所站-出入口2,北捷新店區公所站-出入口2,"201904",新北市新店區北新路一段與北新路88巷交叉口,
121.53088476992,24.9716034390433,F0000003265,"9960103",,臺北捷運小碧潭站_G03A,北捷小碧潭站_G03A,"202201",新北市新店區中央路151號4樓,02-218-12345
121.530023459588,24.9718344960645,F0000003158,"9960103",,臺北捷運小碧潭站-出入口1,北捷小碧潭站-出入口1,"202201",新北市新店區環河路與中央路交叉口,
121.443719257887,24.9727594805456,F0000003159,"9960103",,臺北捷運土城站-出入口2,北捷土城站-出入口2,"202201",新北市土城區金城路一段、和平路交叉口、近戶政事務所,
121.444400105125,24.9731818492952,F0000003236,"9960103",,臺北捷運土城站_BL03,北捷土城站_BL03,"201906",新北市土城區金城路一段105號B1,02-218-12345
121.444190805404,24.9732791934318,F0000003160,"9960103",,臺北捷運土城站-出入口1,北捷土城站-出入口1,"201904",新北市土城區金城路一段、近金城公園,
121.530138238041,24.9731765485517,F0000012141,"9960103",,臺北捷運小碧潭站-出入口2,北捷小碧潭站-出入口2,"202201",新北市新店區中央路與中央三街交叉口,
121.445268935218,24.9736453361211,F0000003162,"9960103",,臺北捷運土城站-出入口3,北捷土城站-出入口3,"202201",新北市土城區金城路一段,
121.543125631318,24.9749228163716,F0000003163,"9960103",,臺北捷運七張站-出入口1,北捷七張站-出入口1,"201904",新北市新店區北新路二段150號,
121.542920314892,24.9758898210914,F0000003263,"9960103",,臺北捷運七張站_G03,北捷七張站_G03,"201904",新北市新店區北新路二段150號,02-218-12345
121.542677026191,24.976900976103,F0000003164,"9960103",,臺北捷運七張站-出入口2,北捷七張站-出入口2,"201904",新北市新店區北新路二段、鄰近明德路口、近新店郵局,
121.54166931076,24.9822088085865,F0000003165,"9960103",,臺北捷運大坪林站-出入口2,北捷大坪林站-出入口2,"202201",新北市新店區北新路三段142巷口,
121.543066439847,24.982755923687,F0000016527,"9960103",,臺北捷運大坪林站-出入口5,北捷大坪林站-出入口5,"202201",新北市新店區中興路三段與民權路路口西南隅,
121.5410244455,24.9827907066866,F0000003166,"9960103",,臺北捷運大坪林站-出入口1,北捷大坪林站-出入口1,"201904",新北市新店區民權路27號、北新路三段與民權路路口,
121.541344954558,24.9829255953818,F0000016532,"9960103",,臺北捷運大坪林站_G04,北捷大坪林站_G04,"202405",新北市新店區北新路三段190號,02-218-12345
121.541354445983,24.9829265557604,F0000019324,"9960103",,新北捷運大坪林站_Y07,新北捷大坪林站_Y07,"202405",新北市新店區北新路三段190號,
121.541604929669,24.9831591194442,F0000007658,"9960103",,臺北捷運大坪林站-出入口3,北捷大坪林站-出入口3,"201904",新北市新店區北新路三段190號、北新路三段與民權路路口、鄰近消防署,
121.541536553464,24.9835864715747,F0000007654,"9960103",,臺北捷運大坪林站-出入口4,北捷大坪林站-出入口4,"202201",新北市新店區北新路三段200號、鄰近景美橋,
121.527966012819,24.9841759264774,F0000016553,"9960103",,新北捷運十四張站-出入口,新北捷十四張站-出入口,"202405",新北市新店區溪園路與民權路東南隅,
121.527588334175,24.9844549176373,F0000016556,"9960103",,新北捷運十四張站_Y08,新北捷十四張站_Y08,"202405",新北市新店區民權路282號,02-218-12345
121.448987577733,24.9853659618076,F0000003167,"9960103",,臺北捷運海山站-出入口2,北捷海山站-出入口2,"202201",新北市土城區海山路、新北高工運動場旁,
121.448643092429,24.9854010280417,F0000003168,"9960103",,臺北捷運海山站-出入口1,北捷海山站-出入口1,"201904",新北市土城區海山路、樂利國小旁,
121.44882618864,24.9856992017456,F0000003237,"9960103",,臺北捷運海山站_BL04,北捷海山站_BL04,"201904",新北市土城區海山路39號B2,02-218-12345
121.449211758721,24.9862054966298,F0000003169,"9960103",,臺北捷運海山站-出入口3,北捷海山站-出入口3,"201904",新北市土城區裕民路92巷22弄3號,
121.50995467842,24.9896673948138,F0000003170,"9960103",,臺北捷運南勢角站-出入口4,北捷南勢角站-出入口4,"201904",新北市中和區捷運路6號、近興南路一段,
121.50901907722,24.9899923799876,F0000003257,"9960103",,臺北捷運南勢角站_O01,北捷南勢角站_O01,"202201",新北市中和區捷運路6號,02-218-12345
121.508908863881,24.990146073239,F0000003171,"9960103",,臺北捷運南勢角站-出入口3,北捷南勢角站-出入口3,"202201",新北市中和區捷運路16號,
121.508597685642,24.990279354607,F0000003172,"9960103",,臺北捷運南勢角站-出入口2,北捷南勢角站-出入口2,"202201",新北市中和區捷運路22號,
121.52500282529,24.9903297506689,F0000016624,"9960103",,新北捷運秀朗橋站_Y09,新北捷秀朗橋站_Y09,"202405",新北市中和區景平路2號,02-218-12345
121.525298427679,24.9905424398281,F0000016630,"9960103",,新北捷運秀朗橋站-出入口1,新北捷秀朗橋站-出入口1,"202405",新北市中和區成功路與景平路東南隅,
121.524565911558,24.9906151636321,F0000016634,"9960103",,新北捷運秀朗橋站-出入口2,新北捷秀朗橋站-出入口2,"202405",新北市中和區景平路2號,
121.507775730926,24.990685061614,F0000011654,"9960103",,臺北捷運南勢角站-出入口1,北捷南勢角站-出入口1,"202201",新北市中和區捷運路52號、近南山路399巷,
121.516216989087,24.9919535254748,F0000016653,"9960103",,新北捷運景平站-出入口,新北捷景平站-出入口,"202405",新北市中和區景平路121號,
121.516243892627,24.992140621903,F0000016655,"9960103",,新北捷運景平站_Y10,新北捷景平站_Y10,"202405",新北市中和區景平路121號,02-218-12345
121.505717868901,24.9933904526901,F0000012493,"9960103",,新北捷運景安站_Y11,新北捷景安站_Y11,"202405",,
121.505047440253,24.9937409912841,F0000016681,"9960103",,臺北捷運景安站_O02,北捷景安站_O02,"202405",新北市中和區景平路486號,02-218-12345
121.504811982285,24.9938357464324,F0000003174,"9960103",,臺北捷運景安站-出入口,北捷景安站-出入口,"201904",新北市中和區景平路486號、近景平路、景安路口,
121.452347804008,24.998217510579,F0000003175,"9960103",,臺北捷運亞東醫院站-出入口2,北捷亞東醫院站-出入口2,"201904",新北市板橋區南雅南路二段122號,
121.452558437714,24.9984855492823,F0000003238,"9960103",,臺北捷運亞東醫院站_BL05,北捷亞東醫院站_BL05,"201904",新北市板橋區南雅南路二段17號B1,02-218-12345
121.452885829452,24.998750397417,F0000003176,"9960103",,臺北捷運亞東醫院站-出入口3,北捷亞東醫院站-出入口3,"202201",新北市板橋區南雅南路二段、高爾富路口,
121.452539217115,24.9988204276517,F0000003177,"9960103",,臺北捷運亞東醫院站-出入口1,北捷亞東醫院站-出入口1,"201904",新北市板橋區南雅南路二段120號,
121.496054367473,25.0022709750369,F0000016784,"9960103",,新北捷運中和站-出入口,新北捷中和站-出入口,"202405",新北市中和區中山路二段與景平路西南隅,
121.511011888649,25.0022951772035,F0000003178,"9960103",,臺北捷運永安市場站-出入口,北捷永安市場站-出入口,"201904",新北市中和區中和路388號,
121.49605610004,25.0023471759652,F0000016785,"9960103",,新北捷運中和站_Y12,新北捷中和站_Y12,"202405",新北市中和區中山路二段271號,02-218-12345
121.510799993827,25.0024058317105,F0000003259,"9960103",,臺北捷運永安市場站_O03,北捷永安市場站_O03,"201904",新北市中和區中和路388號,02-218-12345
121.490416028032,25.0042919101065,F0000016812,"9960103",,新北捷運橋和站_Y13,新北捷橋和站_Y13,"202405",新北市中和區板南路430號,02-218-12345
121.490341103463,25.004796533514,F0000016816,"9960103",,新北捷運橋和站-出入口,新北捷橋和站-出入口,"202405",新北市中和區板南路430號,
121.484457825877,25.0080829789748,F0000016846,"9960103",,新北捷運中原站_Y14,新北捷中原站_Y14,"202405",新北市中和區板南路510號,02-218-12345
121.459017704058,25.0083946302238,F0000003179,"9960103",,臺北捷運府中站-出入口1,北捷府中站-出入口1,"202201",新北市板橋區縣民大道一段193號、近板橋農會,
121.484156689634,25.0083953319363,F0000016854,"9960103",,新北捷運中原站-出入口,新北捷中原站-出入口,"202405",新北市中和區板南路510號,
121.459153653763,25.0086907322743,F0000003239,"9960103",,臺北捷運府中站_BL06,北捷府中站_BL06,"201904",新北市板橋區縣民大道一段193號B1,02-218-12345
121.45941523293,25.0089610318184,F0000003180,"9960103",,臺北捷運府中站-出入口2,北捷府中站-出入口2,"202201",新北市板橋區縣民大道、府中路口,
121.45896094333,25.0091406688698,F0000003181,"9960103",,臺北捷運府中站-出入口3,北捷府中站-出入口3,"202201",新北市板橋區府中路30號、近板橋區公所,
121.515403236227,25.0127003928635,F0000003182,"9960103",,臺北捷運頂溪站-出入口1,北捷頂溪站-出入口1,"201904",新北市永和區永和路二段168號,
121.4624614657,25.0131987529565,F0000003183,"9960103",,臺北捷運板橋站-出入口2,北捷板橋站-出入口2,"202201",新北市板橋區縣民大道、新府路口、板橋公車站旁,
121.462083567083,25.0133395665246,F0000003240,"9960103",,臺北捷運板橋站_BL07,北捷板橋站_BL07,"201904",新北市板橋區站前路5號B1,02-218-12345
121.461800244456,25.0133710973134,F0000003184,"9960103",,臺北捷運板橋站-出入口1,北捷板橋站-出入口1,"202201",新北市板橋區站前路、新府路口、新板萬坪都會公園旁,
121.51541236527,25.0134253020473,F0000003260,"9960103",,臺北捷運頂溪站_O04,北捷頂溪站_O04,"202201",新北市永和區永和路二段168號B1,02-218-12345
121.515370073969,25.0141978502583,F0000003185,"9960103",,臺北捷運頂溪站-出入口2,北捷頂溪站-出入口2,"201904",新北市永和區永和路二段233號,
121.472288534472,25.0143711589333,F0000016931,"9960103",,新北捷運板新站-出入口,新北捷板新站-出入口,"202405",新北市板橋區板新路109號,
121.462663751245,25.0145391689052,F0000003186,"9960103",,臺北捷運板橋站-出入口3,北捷板橋站-出入口3,"201904",新北市板橋區站前路5號、板橋火車站對面,
121.472420047164,25.0145152279526,F0000016934,"9960103",,新北捷運板新站_Y15,新北捷板新站_Y15,"202405",新北市板橋區板新路109號,02-218-12345
121.464611583483,25.0151768494806,F0000012498,"9960103",,新北捷運板橋站_Y16,新北捷板橋站_Y16,"202405",,
121.410942520681,25.0210263582546,F0000001104,"9960103",,臺北捷運迴龍站-出入口2,北捷迴龍站-出入口2,"201904",新北市新莊區中正路、近中正路929巷,
121.411305149144,25.0218770313043,F0000001118,"9960103",,臺北捷運迴龍站-出入口1,北捷迴龍站-出入口1,"201904",新北市新莊區中正路758號、近樂生療養院,
121.412087812751,25.02204139819,F0000016994,"9960103",,臺北捷運迴龍站_O21,北捷迴龍站_O21,"202201",新北市新莊區中正路758號B1,02-218-12345
121.412462517121,25.0224699571578,F0000001131,"9960103",,臺北捷運迴龍站-出入口3,北捷迴龍站-出入口3,"201904",新北市新莊區中正路、近中正路746巷,
121.468132728622,25.022320816095,F0000003187,"9960103",,臺北捷運新埔站-出入口2,北捷新埔站-出入口2,"201904",新北市板橋區民生路二段251號,
121.468540776172,25.0229962002478,F0000003188,"9960103",,臺北捷運新埔站-出入口3,北捷新埔站-出入口3,"201904",新北市板橋區民生路二段234巷口,
121.467556091197,25.0230936717968,F0000003189,"9960103",,臺北捷運新埔站-出入口1,北捷新埔站-出入口1,"201904",新北市板橋區民生路三段15號、新埔市場旁,
121.468155850156,25.0232729975036,F0000003241,"9960103",,臺北捷運新埔站_BL08,北捷新埔站_BL08,"201904",新北市板橋區民生路三段2號B1,02-218-12345
121.468761358507,25.0235307753935,F0000010329,"9960103",,臺北捷運新埔站-出入口4,北捷新埔站-出入口4,"201904",新北市板橋區文化路一段360號,
121.468175760931,25.0241753263764,F0000003191,"9960103",,臺北捷運新埔站-出入口5,北捷新埔站-出入口5,"201904",新北市板橋區民生路三段6號,
121.466714987055,25.0260203008116,F0000017021,"9960103",,新北捷運新埔民生站_Y17,新北捷新埔民生站_Y17,"202405",新北市板橋區民生路三段70號,02-218-12345
121.466939665531,25.0260510764001,F0000017022,"9960103",,新北捷運新埔民生站-出入口,新北捷新埔民生站-出入口,"202405",新北市板橋區民生路三段70號,
121.422624166252,25.0286726847055,F0000001228,"9960103",,臺北捷運丹鳳站-出入口2,北捷丹鳳站-出入口2,"201904",新北市新莊區中正路、近民安路口,
121.422547701012,25.0289077975222,F0000001231,"9960103",,臺北捷運丹鳳站_O20,北捷丹鳳站_O20,"202201",新北市新莊區中正路624之1號B1,02-218-12345
121.422377078209,25.0290150859487,F0000001233,"9960103",,臺北捷運丹鳳站-出入口1,北捷丹鳳站-出入口1,"201904",新北市新莊區中正路624之1號,
121.472277584742,25.0295398077289,F0000003192,"9960103",,臺北捷運江子翠站-出入口3,北捷江子翠站-出入口3,"201904",新北市板橋區文化路二段296號,
121.472719309409,25.0297467099692,F0000003193,"9960103",,臺北捷運江子翠站-出入口4,北捷江子翠站-出入口4,"201904",新北市板橋區雙十路二段178號、近松柏街,
121.471965546372,25.0298187755883,F0000003194,"9960103",,臺北捷運江子翠站-出入口2,北捷江子翠站-出入口2,"201904",新北市板橋區文化路二段313號,
121.471967414743,25.0302553889593,F0000003195,"9960103",,臺北捷運江子翠站-出入口1,北捷江子翠站-出入口1,"201904",新北市板橋區雙十路三段10巷口、近板橋農村公園,
121.472705368438,25.0304039131671,F0000003242,"9960103",,臺北捷運江子翠站_BL09,北捷江子翠站_BL09,"202201",新北市板橋區文化路二段296號B1,02-218-12345
121.473426891374,25.0309182974784,F0000003196,"9960103",,臺北捷運江子翠站-出入口5,北捷江子翠站-出入口5,"201904",新北市板橋區文化路二段384號、近仁化街口,
121.47307674734,25.0311341648987,F0000003197,"9960103",,臺北捷運江子翠站-出入口6,北捷江子翠站-出入口6,"201904",新北市板橋區文化路二段383巷口、近江翠國小,
121.435258456919,25.0323079210304,F0000007671,"9960103",,臺北捷運輔大站-出入口2,北捷輔大站-出入口2,"201904",新北市新莊區福營路、近建國一路、福營派出所,
121.435269867686,25.0325256471915,F0000011812,"9960103",,臺北捷運輔大站_O19,北捷輔大站_O19,"201904",新北市新莊區中正路510之1號B1,02-218-12345
121.436600407838,25.0326680279536,F0000003198,"9960103",,臺北捷運輔大站-出入口3,北捷輔大站-出入口3,"201904",新北市新莊區中正路、中油加油站對面,
121.435008450813,25.0328376950182,F0000003199,"9960103",,臺北捷運輔大站-出入口1,北捷輔大站-出入口1,"202201",新北市新莊區中正路510之1號、近輔大校門,
121.422704109956,25.0331694331015,F0000001263,"9960103",,桃園機場捷運泰山貴和站_A6,機捷泰山貴和站_A6,"202205",新北市泰山區新北大道六段460號,(03)286-8789
121.4365791811,25.0331997594351,F0000007836,"9960103",,臺北捷運輔大站-出入口4,北捷輔大站-出入口4,"201904",新北市新莊區中正路、中油加油站旁,
121.422405387297,25.0334747669566,F0000008932,"9960103",,桃園機場捷運泰山貴和站-出入口1,機捷泰山貴和站-出入口1,"202205",新北市泰山區新北大道六段460號,
121.452540887116,25.0360161244813,F0000003200,"9960103",,臺北捷運新莊站-出入口2,北捷新莊站-出入口2,"202201",新北市新莊區中正路、近新莊國中校門旁,
121.452494751552,25.0361575104831,F0000003244,"9960103",,臺北捷運新莊站_O18,北捷新莊站_O18,"201904",新北市新莊區中正路138號B1,02-218-12345
121.452465057701,25.0363101948018,F0000003201,"9960103",,臺北捷運新莊站-出入口1,北捷新莊站-出入口1,"201904",新北市新莊區中正路138號、近中華路一段、衛生所旁,
121.460923770147,25.0390595242891,F0000003202,"9960103",,臺北捷運頭前庄站-出入口2,北捷頭前庄站-出入口2,"202201",新北市新莊區中正路81巷口、近大漢橋,
121.460448518778,25.0395301363352,F0000017089,"9960103",,新北捷運頭前庄站_Y18,新北捷頭前庄站_Y18,"202405",新北市新莊區思源路18號B1、思源路20號,02-218-12345
121.460802865865,25.0395701520476,F0000003203,"9960103",,臺北捷運頭前庄站-出入口1,北捷頭前庄站-出入口1,"201904",新北市新莊區思源路20號、近中正路口,
121.460751998041,25.0395811345354,F0000019325,"9960103",,臺北捷運頭前庄站_O17,北捷頭前庄站_O17,"202405",新北市新莊區思源路18號B1、思源路20號,
121.462052089252,25.0397442716543,F0000003204,"9960103",,臺北捷運頭前庄站-出入口3,北捷頭前庄站-出入口3,"201904",新北市新莊區中正路、近中正路61巷,
121.462323721106,25.0403212460257,F0000003205,"9960103",,臺北捷運頭前庄站-出入口4,北捷頭前庄站-出入口4,"201904",新北市新莊區中正路、近中正路56巷,
121.471263538546,25.0460847896733,F0000003206,"9960103",,臺北捷運先嗇宮站-出入口2,北捷先嗇宮站-出入口2,"201904",新北市三重區重新路五段、近中興南街,
121.471744248714,25.0462371574884,F0000003207,"9960103",,臺北捷運先嗇宮站-出入口3,北捷先嗇宮站-出入口3,"202201",新北市三重區重新路五段、近光復路一段路口,
121.471432781598,25.0463294205848,F0000003246,"9960103",,臺北捷運先嗇宮站_O16,北捷先嗇宮站_O16,"201904",新北市三重區重新路五段515號B1,02-218-12345
121.471423244982,25.0465412056102,F0000007555,"9960103",,臺北捷運先嗇宮站-出入口1,北捷先嗇宮站-出入口1,"201904",新北市三重區重新路五段515號、近光復路一段,
121.460310156381,25.0497763034447,F0000017141,"9960103",,新北捷運幸福站-出入口2,新北捷幸福站-出入口2,"202405",新北市新莊區思源路與幸福東路交叉口,
121.459990181699,25.0499996846564,F0000017142,"9960103",,新北捷運幸福站_Y19,新北捷幸福站_Y19,"202405",新北市新莊區思源路292號,02-218-12345
121.460214440825,25.0500926388706,F0000017144,"9960103",,新北捷運幸福站-出入口1,新北捷幸福站-出入口1,"202405",新北市新莊區思源路與思源路296巷交叉口,
121.439749095261,25.0526769811646,F0000009205,"9960103",,桃園機場捷運泰山站--出入口3,機捷泰山站-出入口3,"202205",新北市泰山區新北大道四段431號,
121.439743527753,25.052877666268,F0000009206,"9960103",,桃園機場捷運泰山站-出入口1,機捷泰山站-出入口1,"202205",新北市泰山區新北大道四段431號,
121.440046996669,25.0529709671951,F0000009207,"9960103",,桃園機場捷運泰山站-出入口2,機捷泰山站-出入口2,"202205",新北市泰山區新北大道四段431號,
121.439492232855,25.0531908471077,F0000003208,"9960103",,桃園機場捷運泰山站_A5,機捷泰山站_A5,"202205",新北市泰山區新北大道四段431號,(03)286-8789
121.482809435673,25.0546948074289,F0000008677,"9960103",,桃園機場捷運三重站_A2,機捷三重站_A2,"202205",新北市三重區捷運路36號,(03)286-8789
121.482625838086,25.0549085307126,F0000008927,"9960103",,桃園機場捷運三重站-出入口1A,機捷三重站-出入口A,"202205",新北市三重區大臺北都會公園近站體旁跨堤路橋中端,
121.483082555417,25.0552361926957,F0000008926,"9960103",,桃園機場捷運三重站-出入口1,機捷三重站-出入口1,"202205",新北市三重區捷運路36號,
121.48317963275,25.0552585013503,F0000003210,"9960103",,臺北捷運三重站-出入口1,北捷三重站-出入口1,"201904",新北市三重區捷運路36號、近疏洪東路一段及桃園機場捷運三重站,
121.48451606191,25.0555178044363,F0000003211,"9960103",,臺北捷運三重站-出入口2,北捷三重站-出入口2,"202201",新北市三重區捷運路、近捷運路22巷口,
121.484015159952,25.0557260820138,F0000003247,"9960103",,臺北捷運三重站_O15,北捷三重站_O15,"201904",新北市三重區捷運路36號B1,02-218-12345
121.484936480778,25.0560945019537,F0000003212,"9960103",,臺北捷運三重站-出入口3,北捷三重站-出入口3,"201904",新北市三重區捷運路、近捷運路19巷口,
121.446674945877,25.0589838569077,F0000008931,"9960103",,桃園機場捷運新莊副都心站-出入口2,機捷新莊副都心站-出入口2,"202205",新北市新莊區新北大道四段近中信街交叉口西南面,
121.445876354647,25.0592663907272,F0000003213,"9960103",,桃園機場捷運新莊副都心站_A4,機捷新莊副都心站_A4,"202205",新北市新莊區新北大道四段188號,(03)286-8789
121.491050390827,25.0592755693249,F0000003214,"9960103",,臺北捷運菜寮站-出入口2,北捷菜寮站-出入口2,"202201",新北市三重區重新路三段150號、近光明路,
121.446226271881,25.0594699352828,F0000008930,"9960103",,桃園機場捷運新莊副都心站-出入口1,機捷新莊副都心站-出入口1,"202205",新北市新莊區新北大道四段188號,
121.490725268103,25.0596764803745,F0000003215,"9960103",,臺北捷運菜寮站-出入口1,北捷菜寮站-出入口1,"202201",新北市三重區重新路三段115巷旁、近三重簡易庭,
121.491515390719,25.0598635656723,F0000003248,"9960103",,臺北捷運菜寮站_O14,北捷菜寮站_O14,"201904",新北市三重區重新路三段150號B1,02-218-12345
121.492017873136,25.0604696098338,F0000003216,"9960103",,臺北捷運菜寮站-出入口3,北捷菜寮站-出入口3,"202201",新北市三重區重新路三段150號、近新北大道一段,
121.459838378118,25.0609161359295,F0000017240,"9960103",,新北捷運新北產業園區站_Y20,新北捷新北產業園區站_Y20,"202405",新北市新莊區五工路35號,02-218-12345
121.459485873724,25.0614796428956,F0000017252,"9960103",,桃園機場捷運新北產業園區站-出入口2,機捷新北產業園區站-出入口2,"202205",新北市新莊區3F連通層東南角(往捷運環狀線),
121.459472574282,25.0615226849854,F0000008928,"9960103",,桃園機場捷運新北產業園區站-出入口1,機捷新北產業園區站-出入口1,"202205",新北市新莊區五工路37號,
121.458919068247,25.0616924460466,F0000008679,"9960103",,桃園機場捷運新北產業園區站_A3,機捷新北產業園區站_A3,"202205",新北市新莊區五工路37號,(03)286-8789
121.500273207824,25.0628990578916,F0000003218,"9960103",,臺北捷運台北橋站-出入口,北捷台北橋站-出入口,"202201",新北市三重區重新路一段108號,
121.500206083887,25.0630669987412,F0000003249,"9960103",,臺北捷運台北橋站_O13,北捷台北橋站_O13,"202201",新北市三重區重新路一段108號B1,02-218-12345
121.361486413965,25.0657945212419,F0000012470,"9960103",,桃園機場捷運林口站_A9,機捷林口站_A9,"202205",新北市林口區八德路290號,(03)286-8789
121.361449590382,25.0659734231543,F0000008933,"9960103",,桃園機場捷運林口站-出入口1,機捷林口站-出入口1,"202205",新北市林口區文化三路與八德路交叉口西北面,
121.361393061063,25.066094737077,F0000008934,"9960103",,桃園機場捷運林口站-出入口2,機捷林口站-出入口2,"202205",新北市林口區文化三路與八德路交叉口西北面,
121.496616208613,25.0704971621197,F0000003253,"9960103",,臺北捷運三重國小站_O50,北捷三重國小站_O50,"202201",新北市三重區三和路三段5號B1,02-218-12345
121.496785156056,25.0706574320685,F0000003219,"9960103",,臺北捷運三重國小站-出入口,北捷三重國小站-出入口,"202201",新北市三重區三和路三段、仁愛街口，近三重國小,
121.486309433612,25.0766260334032,F0000003220,"9960103",,臺北捷運三和國中站-出入口1,北捷三和國中站-出入口1,"201904",新北市三重區三和路四段218巷口，近三和國中正門,
121.486481745015,25.0767883804446,F0000008490,"9960103",,臺北捷運三和國中站_O51,北捷三和國中站_O51,"202201",新北市三重區三和路四段107號B1,02-218-12345
121.486607259686,25.0770237824413,F0000003221,"9960103",,臺北捷運三和國中站-出入口2,北捷三和國中站-出入口2,"201904",新北市三重區三和路四段107號,
121.479842248479,25.0803387728237,F0000003222,"9960103",,臺北捷運徐匯中學站-出入口1,北捷徐匯中學站-出入口1,"201904",新北市蘆洲區中山一路3號，近徐匯中學,
121.480194385309,25.0803625243188,F0000003252,"9960103",,臺北捷運徐匯中學站_O52,北捷徐匯中學站_O52,"202001",新北市蘆洲區中山一路3號B1,02-218-12345
121.48054149395,25.0804491537792,F0000003223,"9960103",,臺北捷運徐匯中學站-出入口2,北捷徐匯中學站-出入口2,"201904",新北市蘆洲區三和路四段、永安北路口,
121.473146740417,25.085639513185,F0000003251,"9960103",,臺北捷運三民高中站_O53,北捷三民高中站_O53,"201904",新北市蘆洲區三民路105號B1,02-218-12345
121.472639530555,25.0856592850306,F0000003224,"9960103",,臺北捷運三民高中站-出入口1,北捷三民高中站-出入口1,"202201",新北市蘆洲區三民路、復興路口，近三民停車場,
121.473614440882,25.0856728605409,F0000003225,"9960103",,臺北捷運三民高中站-出入口2,北捷三民高中站-出入口2,"201904",新北市蘆洲區三民路、復興路口，近三民高中,
121.464764071457,25.0913211420281,F0000003226,"9960103",,臺北捷運蘆洲站-出入口1,北捷蘆洲站-出入口1,"201904",新北市蘆洲區三民路386號，近中正路口,
121.464624440859,25.0915412054662,F0000017495,"9960103",,臺北捷運蘆洲站_O54,北捷蘆洲站_O54,"202201",新北市蘆洲區三民路386號B1,02-218-12345
121.464894568429,25.0916829307213,F0000003227,"9960103",,臺北捷運蘆洲站-出入口2,北捷蘆洲站-出入口2,"201904",新北市蘆洲區捷運廣場,
121.464243869271,25.0918638596304,F0000003228,"9960103",,臺北捷運蘆洲站-出入口3,北捷蘆洲站-出入口3,"202201",新北市蘆洲區三民路、中正路口，近中正路側,
121.459475123267,25.1364441548556,F0000003229,"9960103",,臺北捷運竹圍站-出入口2,北捷竹圍站-出入口2,"202201",新北市淡水區民權一街16號,
121.459504077794,25.1367714214246,F0000003256,"9960103",,臺北捷運竹圍站_R26,北捷竹圍站_R26,"202201",新北市淡水區民權路50號,02-218-12345
121.459720968316,25.1369861935437,F0000003230,"9960103",,臺北捷運竹圍站-出入口1,北捷竹圍站-出入口1,"202201",新北市淡水區民權路與民族路交叉口、近馬偕醫院,
121.458721955424,25.153321618943,F0000011885,"9960103",,臺北捷運紅樹林站-出入口2,北捷紅樹林站-出入口2,"201904",新北市淡水區自行車步道紅樹林段、近紅樹林教育館,
121.458821990691,25.1543830661654,F0000003255,"9960103",,臺北捷運紅樹林站_R27,北捷紅樹林站_R27,"201904",新北市淡水區中正東路二段68號,02-218-12345
121.459007104279,25.1544740907186,F0000003232,"9960103",,臺北捷運紅樹林站-出入口1,北捷紅樹林站-出入口1,"202201",新北市淡水區中正東路二段68號、近淡海輕軌紅樹林站,
121.445739998178,25.1674599990119,F0000017541,"9960103",,臺北捷運淡水站-出入口3,北捷淡水站-出入口3,"202201",新北市淡水區近金色水岸,
121.445799758768,25.1677305147118,F0000003233,"9960103",,臺北捷運淡水站-出入口2,北捷淡水站-出入口2,"201904",新北市淡水區中正東路、近學府路,
121.4454240423,25.1678782243109,F0000003254,"9960103",,臺北捷運淡水站_R28,北捷淡水站_R28,"201904",新北市淡水區中正路1號,02-218-12345
121.445364128545,25.1682999761928,F0000003234,"9960103",,臺北捷運淡水站-出入口1,北捷淡水站-出入口1,"201904",新北市淡水區中正東路、近英專路,
121.219521672582,24.9583226357953,H0000010881,"9960103",,桃園機場捷運老街溪站-出入口1,機捷老街溪站-出入口1,"202308",桃園市中壢區中央西路與中豐北路交叉路口,
121.21953374757,24.9583844299693,H0000010883,"9960103",,桃園機場捷運老街溪站_A22,機捷老街溪站_A22,"202308",桃園市中壢區中豐路289號,(03)286-8789
121.219328391397,24.9595373499891,H0000010879,"9960103",,桃園機場捷運老街溪站-出入口2,機捷老街溪站-出入口2,"202308",桃園市中壢區中豐北路上,
121.221145839891,24.9671357724402,H0000005101,"9960103",,桃園機場捷運環北站-出入口1,機捷環北站1-出入口1,"202205",桃園市中壢區中豐北路一段與環北路交叉口之西北面,
121.221129140304,24.9672515320296,H0000007684,"9960103",,桃園機場捷運環北站_A21,機捷環北站_A21,"202205",桃園市中壢區中豐北路一段26號,(03)286-8789
121.216370258376,24.9801166504506,H0000009564,"9960103",,桃園機場捷運興南站_A20,機捷興南站_A20,"202205",桃園市中壢區中豐北路一段685號,(03)286-8789
121.21594672213,24.9802197645326,H0000005100,"9960103",,桃園機場捷運興南站-出入口1,機捷興南站-出入口1,"202205",桃園市中壢區中豐北路一段南面,
121.203499506322,25.0019797606491,H0000007433,"9960103",,桃園機場捷運桃園體育園區站_A19,機捷桃園體育園區站_A19,"202205",桃園市中壢區高鐵南路二段350號,(03)286-8789
121.203329564513,25.0021198872155,H0000005099,"9960103",,桃園機場捷運桃園體育園區站-出入口1,機捷桃園體育園區站-出入口1,"202205",桃園市中壢區高鐵南路二段西面,
121.214127317705,25.0133269083837,H0000005097,"9960103",,桃園機場捷運高鐵桃園站-出入口1,機捷高鐵桃園站-出入口1,"202205",桃園市中壢區高鐵北路一段東面(高鐵桃園站),
121.214071398778,25.0135962316188,H0000005014,"9960103",,桃園機場捷運高鐵桃園站_A18,機捷高鐵桃園站_A18,"202205",桃園市中壢區高鐵北路一段5號,(03)286-8789
121.213780774265,25.0137133137301,H0000005098,"9960103",,桃園機場捷運高鐵桃園站-出入口2,機捷高鐵桃園站-出入口2,"202207",桃園市中壢區高鐵北路一段西面(華泰名品城),
121.221343360914,25.0237610126093,H0000005096,"9960103",,桃園機場捷運領航站-出入口1,機捷領航站-出入口1,"202205",桃園市大園區領航北路四段北面,
121.221244655755,25.0239576245984,H0000005015,"9960103",,桃園機場捷運領航站_A17,機捷領航站_A17,"202205",桃園市大園區領航北路四段351號,(03)286-8789
121.215876842028,25.0364935168187,H0000009628,"9960103",,桃園機場捷運橫山站_A16,機捷橫山站_A16,"202205",桃園市大園區大竹南路1180號,(03)286-8789
121.215467827502,25.0369365059969,H0000007685,"9960103",,桃園機場捷運橫山站-出入口1,機捷橫山站-出入口1,"202205",桃園市大園區大竹南路北面,
121.385131708209,25.0412266520871,H0000010596,"9960103",,桃園機場捷運體育大學站_A7,機捷體育大學站_A7,"202205",桃園市龜山區文化一路688號,(03)286-8789
121.385662190549,25.041302024856,H0000005105,"9960103",,桃園機場捷運體育大學站-出入口2,機捷體育大學站-出入口2,"202205",桃園市龜山區文化二路與青山路交叉口北面,
121.385146024089,25.0414220574687,H0000005087,"9960103",,桃園機場捷運體育大學站-出入口1,機捷體育大學站-出入口1,"202205",桃園市龜山區文化一路與青山路交叉口南面,
121.210422025932,25.0560575497538,H0000007686,"9960103",,桃園機場捷運大園站_A15,機捷大園站_A15,"202205",桃園市大園區橫湳一路50號,(03)286-8789
121.210293957532,25.0563165447081,H0000005094,"9960103",,桃園機場捷運大園站-出入口1,機捷大園站-出入口1,"202205",桃園市大園區橫湳一路東面,
121.3703623511,25.0604868432517,H0000005106,"9960103",,桃園機場捷運長庚醫院站-出入口1,機捷長庚醫院站-出入口1,"202205",桃園市龜山區文化一路與復興一路交叉口東南面,
121.370501658975,25.0608033760933,H0000005019,"9960103",,桃園機場捷運長庚醫院站_A8,機捷長庚醫院站_A8,"202205",桃園市龜山區文化一路6號,(03)286-8789
121.220923117198,25.0691989451815,H0000007687,"9960103",,桃園機場捷運機場旅館站_A14a,機捷機場旅館站_A14a,"202205",桃園市大園區航站南路1之2號,(03)286-8789
121.220954674172,25.0692629807758,H0000005093,"9960103",,桃園機場捷運機場旅館站-出入口1,機捷機場旅館站-出入口1,"202205",桃園市大園區諾富特飯店西面,
121.232360328109,25.0772227274124,H0000009692,"9960103",,桃園機場捷運機場第二航廈站-出入口1,機捷機場第二航廈站-出入口1,"202205",桃園市大園區機場第二航廈B一美食街東南面,
121.231961369752,25.0775917578258,H0000009698,"9960103",,桃園機場捷運機場第二航廈站_A13,機捷機場第二航廈站_A13,"202205",桃園市大園區航站南路9之1號地下2層,(03)286-8789
121.238286153263,25.0806623806605,H0000005022,"9960103",,桃園機場捷運機場第一航廈站_A12,機捷機場第一航廈站_A12,"202205",桃園市大園區航站南路17之1號地下1層,(03)286-8789
121.285294508523,25.0807377721245,H0000005088,"9960103",,桃園機場捷運山鼻站-出入口1,機捷山鼻站-出入口1,"202205",桃園市蘆竹區南山路山鼻橋南面,
121.284938777222,25.0807493254816,H0000010468,"9960103",,桃園機場捷運山鼻站_A10,機捷山鼻站_A10,"202205",桃園市蘆竹區南山路三段155號,(03)286-8789
121.239013825522,25.081599839892,H0000005091,"9960103",,桃園機場捷運機場第一航廈站-出入口2,機捷機場第一航廈站-出入口2,"202205",桃園市大園區機場第一航廈B一美食街,
121.239184575191,25.0817333361288,H0000005090,"9960103",,桃園機場捷運機場第一航廈站-出入口1,機捷機場第一航廈站-出入口1,"202205",機場第一航廈1號停車場,
121.266504508828,25.0863492250511,H0000005023,"9960103",,桃園機場捷運坑口站_A11,機捷坑口站_A11,"202205",桃園市蘆竹區坑?路460號,(03)286-8789
121.265976091058,25.0865486674643,H0000005089,"9960103",,桃園機場捷運坑口站-出入口1,機捷坑口站-出入口1,"202205",桃園市蘆竹區坑?路西南面,
121.588163091895,24.9690698964322,A0000000458,"9960103",,貓空纜車貓空站,貓纜貓空站,"202205",臺北市文山區指南里7鄰指南路三段38巷35號,(02)8661-8110
121.589661655688,24.9789347470153,A0000007094,"9960103",,貓空纜車指南宮站,貓纜指南宮站,"202205",臺北市文山區指南路三段157巷200號,(02)8661-8110
121.587357102155,24.9902167845963,A0000007092,"9960103",,貓空纜車動物園南站,貓纜動物園南站,"202205",臺北市文山區萬興里新光路二段30之2號,(02)8661-8110
121.540763885735,24.9921057754262,A0000000557,"9960103",,臺北捷運景美站-出入口1,北捷景美站-出入口1,"201504",臺北市文山區羅斯福路六段401巷口、景美郵局旁,
121.540802636567,24.9929929012811,A0000000737,"9960103",,臺北捷運景美站_G05,北捷景美站_G05,"202202",臺北市文山區羅斯福路六段216號,02-218-12345
121.540594037821,24.9930636544163,A0000000459,"9960103",,臺北捷運景美站-出入口3,北捷景美站-出入口3,"201504",臺北市文山區羅斯福路六段218號與景福街交叉口、臺灣銀行旁,
121.541583008561,24.9930731216565,A0000000558,"9960103",,臺北捷運景美站-出入口2,北捷景美站-出入口2,"202202",臺北市文山區景中街1號與景美街交叉口、文山二分局斜對面,
121.576280773453,24.9959634326228,A0000000460,"9960103",,貓空纜車動物園站,貓纜動物園站,"202205",臺北市文山區萬興里新光路二段8號,(02)8661-8110
121.579403889318,24.9979786256067,A0000000599,"9960103",,臺北捷運動物園站-出入口2,北捷動物園站-出入口2,"201504",臺北市文山區新光路二段(臨貓空纜車),
121.573377637617,24.9981692643103,A0000000462,"9960103",,臺北捷運木柵站-出入口,北捷木柵站-出入口,"202202",臺北市文山區木柵路四段135號,
121.573312853316,24.9982212810673,A0000000697,"9960103",,臺北捷運木柵站_BR02,北捷木柵站_BR02,"201808",臺北市文山區木柵路四段135號,02-218-12345
121.579896605239,24.9982534527667,A0000000461,"9960103",,臺北捷運動物園站-出入口1,北捷動物園站-出入口1,"202202",臺北市文山區新光路二段(臨動物園),
121.57951078448,24.9983493719189,A0000000732,"9960103",,臺北捷運動物園站_BR01,北捷動物園站_BR01,"202202",臺北市文山區新光路二段32號,02-218-12345
121.568337628664,24.9986121300901,A0000000742,"9960103",,臺北捷運萬芳社區站_BR03,北捷萬芳社區站_BR03,"202202",臺北市文山區萬芳路60號,02-218-12345
121.568309883072,24.9986535667126,A0000000463,"9960103",,臺北捷運萬芳社區站-出入口,北捷萬芳社區站-出入口,"202202",臺北市文山區萬芳路與萬和街交叉口,
121.557796786606,24.9993258029144,A0000000464,"9960103",,臺北捷運萬芳醫院站-出入口,北捷萬芳醫院站-出入口,"201504",臺北市文山區興隆路三段113號,
121.557979812134,24.9995457363693,A0000000743,"9960103",,臺北捷運萬芳醫院站_BR04,北捷萬芳醫院站_BR04,"202202",臺北市文山區興隆路三段113號,02-218-12345
121.539433828356,25.0014289671191,A0000000555,"9960103",,臺北捷運萬隆站-出入口2,北捷萬隆站-出入口2,"202202",臺北市文山區羅斯福路五段245號,
121.53890719273,25.0014641536045,A0000000556,"9960103",,臺北捷運萬隆站-出入口1,北捷萬隆站-出入口1,"202202",臺北市文山區羅斯福路五段238號,
121.539020933055,25.0018867902749,A0000000744,"9960103",,臺北捷運萬隆站_G06,北捷萬隆站_G06,"202202",臺北市文山區羅斯福路五段214號,02-218-12345
121.539107062838,25.0022410576221,A0000000554,"9960103",,臺北捷運萬隆站-出入口3,北捷萬隆站-出入口3,"201504",臺北市文山區羅斯福路五段215號,
121.538542006817,25.0025175051703,A0000000465,"9960103",,臺北捷運萬隆站-出入口4,北捷萬隆站-出入口4,"201504",臺北市文山區羅斯福路五段214號,
121.556868986812,25.0050409540315,A0000000711,"9960103",,臺北捷運辛亥站_BR05,北捷辛亥站_BR05,"201808",臺北市文山區辛亥路四段128號,02-218-12345
121.556860575843,25.0050959034574,A0000000466,"9960103",,臺北捷運辛亥站-出入口,北捷辛亥站-出入口,"201504",臺北市文山區辛亥路四段128號,
121.534360828996,25.0144185714428,A0000000522,"9960103",,臺北捷運公館站-出入口1,北捷公館站-出入口1,"201504",臺北市中正區羅斯福路四段74號,
121.534802716258,25.0146933874572,A0000000551,"9960103",,臺北捷運公館站-出入口2,北捷公館站-出入口2,"201504",臺北市中正區羅斯福路四段舟山路口,
121.534265485783,25.0148121785542,A0000000694,"9960103",,臺北捷運公館站_G07,北捷公館站_G07,"201808",臺北市中正區羅斯福路四段64之1號B1,02-218-12345
121.533691416474,25.0151302420206,A0000000553,"9960103",,臺北捷運公館站-出入口4,北捷公館站-出入口4,"202202",臺北市中正區羅斯福路四段44號,
121.534093136666,25.0153817311795,A0000000552,"9960103",,臺北捷運公館站-出入口3,北捷公館站-出入口3,"202202",臺北市中正區羅斯福路四段台灣大學,
121.558858532773,25.0184704144673,A0000000753,"9960103",,臺北捷運麟光站_BR06,北捷麟光站_BR06,"202202",臺北市大安區和平東路三段410號,02-218-12345
121.558790109624,25.0184752037377,A0000000467,"9960103",,臺北捷運麟光站-出入口,北捷麟光站-出入口,"202202",臺北市大安區和平東路三段410號,
121.528737015474,25.0196878185054,A0000000550,"9960103",,臺北捷運台電大樓站-出入口1,北捷台電大樓站-出入口1,"201504",臺北市中正區辛亥路一段、羅斯福路三段142巷口,
121.529023762537,25.0202575284671,A0000000549,"9960103",,臺北捷運台電大樓站-出入口2,北捷台電大樓站-出入口2,"202202",臺北市中正區羅斯福路三段與辛亥路一段交叉口、古亭國小旁,
121.528291495551,25.0205933507945,A0000000703,"9960103",,臺北捷運台電大樓站_G08,北捷台電大樓站_G08,"202202",臺北市中正區羅斯福路三段126之5號B1,02-218-12345
121.527819457298,25.0206746733784,A0000000523,"9960103",,臺北捷運台電大樓站-出入口5,北捷台電大樓站-出入口5,"201504",臺北市中正區羅斯福路三段126號,
121.527416893903,25.0210687345365,A0000000547,"9960103",,臺北捷運台電大樓站-出入口4,北捷台電大樓站-出入口4,"201504",臺北市中正區羅斯福路三段100號、師大路130巷口,
121.527895172432,25.021239058628,A0000000548,"9960103",,臺北捷運台電大樓站-出入口3,北捷台電大樓站-出入口3,"201504",臺北市中正區羅斯福路三段177號,
121.553172083246,25.0237236989165,A0000000695,"9960103",,臺北捷運六張犁站_BR07,北捷六張犁站_BR07,"202001",臺北市大安區和平東路三段168號,02-218-12345
121.552773886036,25.0238464453209,A0000006370,"9960103",,臺北捷運六張犁站-出入口,北捷六張犁站-出入口,"201511",臺北市大安區和平東路三段與基隆路二段交叉口,
121.523294507174,25.0256232318731,A0000000542,"9960103",,臺北捷運古亭站-出入口2,北捷古亭站-出入口2,"201504",臺北市中正區羅斯福路二段168號,
121.523456379192,25.0259605659612,A0000000540,"9960103",,臺北捷運古亭站-出入口3,北捷古亭站-出入口3,"201504",臺北市中正區羅斯福路二段79號,
121.543426252875,25.0260206125846,A0000000731,"9960103",,臺北捷運科技大樓站_BR08,北捷科技大樓站_BR08,"202202",臺北市大安區復興南路二段235號,02-218-12345
121.522938453109,25.0261011509248,A0000000541,"9960103",,臺北捷運古亭站-出入口1,北捷古亭站-出入口1,"201504",臺北市中正區羅斯福路二段136號,
121.543529103141,25.0261101924217,A0000006383,"9960103",,臺北捷運科技大樓站-出入口,北捷科技大樓站-出入口,"201511",臺北市大安區復興南路二段與和平東路二段交叉口,
121.523024028283,25.0265415117774,A0000000539,"9960103",,臺北捷運古亭站-出入口4,北捷古亭站-出入口4,"202202",臺北市中正區羅斯福路二段69號,
121.522674402368,25.0267592978681,A0000013565,"9960103",,臺北捷運古亭站_G09_O05,北捷古亭站_G09_O05,"202202",臺北市中正區羅斯福路二段164之1號B1,02-218-12345
121.522381304349,25.0268402910402,A0000000468,"9960103",,臺北捷運古亭站-出入口9,北捷古亭站-出入口9,"202202",臺北市中正區羅斯福路二段100號,
121.521835507959,25.0270975862167,A0000008535,"9960103",,臺北捷運古亭站-出入口8,北捷古亭站-出入口8,"201705",臺北市中正區和平西路一段13號,
121.522731786541,25.0272190609771,A0000000545,"9960103",,臺北捷運古亭站-出入口5,北捷古亭站-出入口5,"202202",臺北市中正區和平東路一段17號,
121.522314988398,25.0275059136333,A0000000544,"9960103",,臺北捷運古亭站-出入口6,北捷古亭站-出入口6,"202202",臺北市中正區羅斯福路二段43號,
121.521762055331,25.0276766811721,A0000000543,"9960103",,臺北捷運古亭站-出入口7,北捷古亭站-出入口7,"202202",臺北市中正區羅斯福路二段50號、近郵政醫院、婦幼醫院,
121.518873772148,25.0322624890151,A0000000534,"9960103",,臺北捷運中正紀念堂站-出入口3,北捷中正紀念堂站-出入口3,"201504",臺北市中正區羅斯福路一段、近金華街口,
121.51816845769,25.032588715662,A0000000535,"9960103",,臺北捷運中正紀念堂站-出入口2,北捷中正紀念堂站-出入口2,"201504",臺北市中正區羅斯福路一段8之1號,
121.569858947186,25.032427402296,A0000006444,"9960103",,臺北捷運象山站-出入口2,北捷象山站-出入口2,"201511",臺北市信義區信義路五段150巷口、近象山公園、信義快速道路,
121.543859705218,25.0328605996791,A0000006454,"9960103",,臺北捷運大安站-出入口5,北捷大安站-出入口5,"201511",臺北市大安區信義路四段與復興南路二段交叉、近信義路四段30巷8弄口,
121.563538621553,25.0327955977404,A0000006451,"9960103",,臺北捷運台北101/世貿站-出入口3,北捷台北101/世貿站-出入口3,"201511",臺北市信義區信義路五段20號,
121.562070947797,25.0328276711233,A0000000677,"9960103",,臺北捷運台北101/世貿站-出入口2,北捷台北101/世貿站-出入口2,"201504",臺北市信義區信義路五段與莊敬路口、世貿一館對面,
121.552575178116,25.0328959812099,A0000013761,"9960103",,臺北捷運信義安和站-出入口2A,北捷信義安和站-出入口2A,"202202",臺北市大安區信義路四段與安和路二段路口,
121.570029697653,25.0328661157967,A0000000739,"9960103",,臺北捷運象山站_R02,北捷象山站_R02,"202001",臺北市信義區信義路五段152號B1,02-218-12345
121.563401961217,25.0329469115712,A0000000701,"9960103",,臺北捷運台北101/世貿站_R03,北捷台北101/世貿站_R03,"202202",臺北市信義區信義路五段20號B1,02-218-12345
121.570571006733,25.0329752551844,A0000000680,"9960103",,臺北捷運象山站-出入口3,北捷象山站-出入口3,"201504",臺北市信義區信義路五段、近91巷、信義快速道路,
121.553510083185,25.033043315215,A0000007245,"9960103",,臺北捷運信義安和站-出入口4,北捷信義安和站-出入口4,"201504",臺北市大安區信義路四段248號與通安街口,
121.553149145197,25.0330490015571,A0000007246,"9960103",,臺北捷運信義安和站-出入口3,北捷信義安和站-出入口3,"202202",臺北市大安區信義路四段236號與通安街口,
121.569379473588,25.0329944142787,A0000006458,"9960103",,臺北捷運象山站-出入口1,北捷象山站-出入口1,"202202",臺北市信義區信義路五段與松勇路口,
121.55221136241,25.0330682610431,A0000007247,"9960103",,臺北捷運信義安和站-出入口2,北捷信義安和站-出入口2,"201504",臺北市大安區信義路四段與安和路二段路口、安和路派出所前,
121.543921029405,25.0331203929766,A0000006461,"9960103",,臺北捷運大安站-出入口4,北捷大安站-出入口4,"202202",臺北市大安區信義路四段2號與復興南路二段交叉口,
121.543603830874,25.0331737737675,A0000013776,"9960103",,臺北捷運大安站_BR09_R05,北捷大安站_BR09_R05,"202202",臺北市大安區信義路四段2號、信義路三段180號B1,02-218-12345
121.561823358076,25.0331261090282,A0000000513,"9960103",,臺北捷運台北101/世貿站-出入口1,北捷台北101/世貿站-出入口1,"201504",臺北市信義區信義路五段與莊敬路口、世貿一館旁,
121.552917589062,25.0331734213992,A0000000724,"9960103",,臺北捷運信義安和站_R04,北捷信義安和站_R04,"201808",臺北市大安區信義路四段212之1號B1,02-218-12345
121.535575874098,25.0332433201366,A0000007237,"9960103",,臺北捷運大安森林公園站-出入口4,北捷大安森林公園站-出入口4,"201504",臺北市大安區信義路三段、東側光塔,
121.536186292222,25.033242762205,A0000007236,"9960103",,臺北捷運大安森林公園站-出入口5,北捷大安森林公園站-出入口5,"201504",臺北市大安區信義路三段、近建國南路二段,
121.535081638773,25.0332545437917,A0000007238,"9960103",,臺北捷運大安森林公園站-出入口3,北捷大安森林公園站-出入口3,"201504",臺北市大安區信義路三段、西側光塔,
121.517630522437,25.0333272203533,A0000010311,"9960103",,臺北捷運中正紀念堂站-出入口1,北捷中正紀念堂站-出入口1,"201710",臺北市中正區羅斯福路一段、近勞保局,
121.542448344931,25.0332596439191,A0000006468,"9960103",,臺北捷運大安站-出入口3,北捷大安站-出入口3,"201511",臺北市大安區信義路三段180號、近166巷口,
121.534634872467,25.0333123605429,A0000000675,"9960103",,臺北捷運大安森林公園站-出入口2,北捷大安森林公園站-出入口2,"201504",臺北市大安區信義路三段、近新生南路二段,
121.564275319487,25.0332285688406,A0000000678,"9960103",,臺北捷運台北101/世貿站-出入口4,北捷台北101/世貿站-出入口4,"202202",臺北市信義區信義路五段7號B1、臺北101B1廣場,
121.563291233749,25.0332973925312,A0000000679,"9960103",,臺北捷運台北101/世貿站-出入口5,北捷台北101/世貿站-出入口5,"202401",臺北市信義區信義路五段與市府路口、世貿一館旁,
121.553509178829,25.0334579236702,A0000006475,"9960103",,臺北捷運信義安和站-出入口5,北捷信義安和站-出入口5,"201511",臺北市大安區信義路四段239巷口,
121.535364504183,25.0335549097299,A0000000685,"9960103",,臺北捷運大安森林公園站_R06,北捷大安森林公園站_R06,"201808",臺北市大安區信義路三段100號B1,02-218-12345
121.552565714391,25.0335434094351,A0000000514,"9960103",,臺北捷運信義安和站-出入口1,北捷信義安和站-出入口1,"202202",臺北市大安區信義路四段與安和路一段路口,
121.517572682647,25.0336906395715,A0000013805,"9960103",,臺北捷運中正紀念堂站_G10_R8,北捷中正紀念堂站_G10_R8,"202202",臺北市中正區羅斯福路一段8之1號B1,02-218-12345
121.529426628437,25.0336611448123,A0000000671,"9960103",,臺北捷運東門站-出入口5,北捷東門站-出入口5,"202202",臺北市大安區信義路二段166號、近永康街口,
121.541981453888,25.0336190489309,A0000006491,"9960103",,臺北捷運大安站-出入口1,北捷大安站-出入口1,"202202",臺北市大安區信義路三段147之1號、近147巷口、近臺北農會信義大樓,
121.541763674843,25.0336658320312,A0000007232,"9960103",,臺北捷運大安站-出入口2,北捷大安站-出入口2,"202202",臺北市大安區信義路三段145號、師大附中旁,
121.528877998843,25.0337371918021,A0000000670,"9960103",,臺北捷運東門站-出入口4,北捷東門站-出入口4,"201504",臺北市大安區信義路二段148巷口、近麗水街口,
121.527885009365,25.0337633105506,A0000000674,"9960103",,臺北捷運東門站-出入口3,北捷東門站-出入口3,"201504",臺北市大安區信義路二段114巷口,
121.534448990118,25.0338488732327,A0000000515,"9960103",,臺北捷運大安森林公園站-出入口1,北捷大安森林公園站-出入口1,"201504",臺北市大安區信義路三段、信義路三段31巷口,
121.529803128948,25.033886444314,A0000000673,"9960103",,臺北捷運東門站-出入口6,北捷東門站-出入口6,"201504",臺北市大安區信義路二段、近連雲街口,
121.536038799401,25.0338896330359,A0000006489,"9960103",,臺北捷運大安森林公園站-出入口6,北捷大安森林公園站-出入口6,"202202",臺北市大安區信義路三段、仁愛路三段24巷口、近工業局,
121.529592783392,25.0339209771607,A0000000672,"9960103",,臺北捷運東門站-出入口7,北捷東門站-出入口7,"201504",臺北市大安區近信義路二段191號,
121.52855280549,25.0339442948754,A0000013830,"9960103",,臺北捷運東門站_O06_R07,北捷東門站_O06_R07,"202202",臺北市大安區信義路二段166號B1,02-218-12345
121.528946783265,25.0341009235923,A0000000676,"9960103",,臺北捷運東門站-出入口8,北捷東門站-出入口8,"201504",臺北市大安區信義路二段163號、東門郵局旁,
121.527973128878,25.034130495103,A0000000469,"9960103",,臺北捷運東門站-出入口1,北捷東門站-出入口1,"202202",臺北市大安區信義路二段、近臨沂街口,
121.527595416553,25.0341819604889,A0000000669,"9960103",,臺北捷運東門站-出入口2,北捷東門站-出入口2,"202202",臺北市大安區信義路二段與金山南路一段路口,
121.543800196866,25.0341276194497,A0000007230,"9960103",,臺北捷運大安站-出入口6,北捷大安站-出入口6,"201504",臺北市大安區復興南路一段317號,
121.515925253223,25.0345854835828,A0000000538,"9960103",,臺北捷運中正紀念堂站-出入口7,北捷中正紀念堂站-出入口7,"202202",臺北市中正區愛國西路2號、近中央銀行,
121.5000230525,25.0350665445803,A0000000643,"9960103",,臺北捷運龍山寺站-出入口2,北捷龍山寺站-出入口2,"202202",臺北市萬華區和平西路三段、近萬華區公所,
121.517128321682,25.0351454411362,A0000000470,"9960103",,臺北捷運中正紀念堂站-出入口5,北捷中正紀念堂站-出入口5,"201504",臺北市中正區愛國東路、中山南路口、近中正紀念堂,
121.500810759921,25.0352338825235,A0000000750,"9960103",,臺北捷運龍山寺站_BL10,北捷龍山寺站_BL10,"201808",臺北市萬華區西園路一段153號,02-218-12345
121.511380167629,25.0352539884097,A0000000562,"9960103",,臺北捷運小南門站-出入口4,北捷小南門站-出入口4,"202202",臺北市中正區愛國西路22號、近臺灣菸酒公司,
121.511102354287,25.0353085349889,A0000008609,"9960103",,臺北捷運小南門站_G11,北捷小南門站_G11,"202202",臺北市中正區愛國西路22號B1,02-218-12345
121.511043193087,25.0353272460689,A0000000561,"9960103",,臺北捷運小南門站-出入口3,北捷小南門站-出入口3,"202202",臺北市中正區愛國西路、博愛路口、近植物園,
121.501635853456,25.0354123210429,A0000000644,"9960103",,臺北捷運龍山寺站-出入口3,北捷龍山寺站-出入口3,"201504",臺北市萬華區和平西路三段81巷口、近康定路,
121.499570847087,25.0354788944467,A0000000471,"9960103",,臺北捷運龍山寺站-出入口1,北捷龍山寺站-出入口1,"202202",臺北市萬華區和平西路三段、西園路一段路口,
121.509942515691,25.0357121215919,A0000000560,"9960103",,臺北捷運小南門站-出入口2,北捷小南門站-出入口2,"201504",臺北市中正區愛國西路30號,
121.516528003603,25.0357975071504,A0000000537,"9960103",,臺北捷運中正紀念堂站-出入口6,北捷中正紀念堂站-出入口6,"201504",臺北市中正區愛國西路、中山南路口、市立大學附設小學、國家圖書館,
121.509816225621,25.0364089380069,A0000000559,"9960103",,臺北捷運小南門站-出入口1,北捷小南門站-出入口1,"201504",臺北市中正區愛國西路、後備指揮部旁,
121.533017709716,25.0408176552816,A0000000635,"9960103",,臺北捷運忠孝新生站-出入口6,北捷忠孝新生站-出入口6,"202202",臺北市大安區新生南路一段、濟南路口,
121.575334143115,25.0406912624926,A0000006635,"9960103",,臺北捷運永春站-出入口2,北捷永春站-出入口2,"201511",臺北市信義區忠孝東路五段420號,
121.576583824726,25.040726015291,A0000000630,"9960103",,臺北捷運永春站-出入口4,北捷永春站-出入口4,"201504",臺北市信義區忠孝東路五段464號與虎林街交叉口、臺北永春郵局前,
121.576273181132,25.0407280419819,A0000000629,"9960103",,臺北捷運永春站-出入口3,北捷永春站-出入口3,"202202",臺北市信義區忠孝東路五段446號,
121.515787744245,25.0410190936223,A0000014218,"9960103",,臺北捷運台大醫院站-出入口1,北捷台大醫院站-出入口1,"202202",臺北市中正區公園路52號、近總統府,
121.576094414943,25.0408462080435,A0000000706,"9960103",,臺北捷運永春站_BL19,北捷永春站_BL19,"202202",臺北市信義區忠孝東路五段455號,02-218-12345
121.565023128994,25.0408924774594,A0000006644,"9960103",,臺北捷運市政府站-出入口2,北捷市政府站-出入口2,"201511",臺北市信義區忠孝東路五段2號、近市府轉運站,
121.567093324714,25.0409009223487,A0000006645,"9960103",,臺北捷運市政府站-出入口3,北捷市政府站-出入口3,"201511",臺北市信義區忠孝東路五段與松仁路交叉口、近政府消防局,
121.532257606257,25.0410848757676,A0000000636,"9960103",,臺北捷運忠孝新生站-出入口5,北捷忠孝新生站-出入口5,"201504",臺北市大安區新生南路一段56巷口，近濟南路,
121.556699254402,25.0410492885627,A0000000632,"9960103",,臺北捷運國父紀念館站-出入口2,北捷國父紀念館站-出入口2,"201504",臺北市信義區忠孝東路四段304號、近觀光局,
121.576784318824,25.0409947962737,A0000006647,"9960103",,臺北捷運永春站-出入口5,北捷永春站-出入口5,"201511",臺北市信義區忠孝東路五段455號與虎林街交叉口、近永春市場,
121.516648867847,25.0412168632191,A0000014228,"9960103",,臺北捷運台大醫院站-出入口2,北捷台大醫院站-出入口2,"202202",臺北市中正區常德街1號、臺大醫院舊館大門旁,
121.575131207051,25.0410412617299,A0000006649,"9960103",,臺北捷運永春站-出入口1,北捷永春站-出入口1,"201511",臺北市信義區忠孝東路五段與423巷口,
121.558584675932,25.0411301998518,A0000006650,"9960103",,臺北捷運國父紀念館站-出入口4,北捷國父紀念館站-出入口4,"202202",臺北市信義區忠孝東路四段、光復國小側門旁,
121.55804145865,25.0411416663397,A0000006652,"9960103",,臺北捷運國父紀念館站-出入口3,北捷國父紀念館站-出入口3,"201511",臺北市信義區忠孝東路四段400號與光復南路交叉口、近光復國小,
121.566156151745,25.0411213409691,A0000000704,"9960103",,臺北捷運市政府站_BL18,北捷市政府站_BL18,"202202",臺北市信義區忠孝東路五段2號,02-218-12345
121.543776538986,25.0412113812904,A0000014237,"9960103",,臺北捷運忠孝復興站_BL15_BR10,北捷忠孝復興站_BL15_BR10,"202202",臺北市大安區忠孝東路三段302號、忠孝東路四段47號,02-218-12345
121.549183227274,25.0412088159975,A0000006656,"9960103",,臺北捷運忠孝敦化站-出入口6,北捷忠孝敦化站-出入口6,"201511",臺北市大安區敦化南路一段219號,
121.543452244209,25.0412396294229,A0000006658,"9960103",,臺北捷運忠孝復興站-出入口2,北捷忠孝復興站-出入口2,"202202",臺北市大安區忠孝東路三段與復興南路一段交叉口，近SOGO百貨復興館,
121.508369985549,25.0414643594245,A0000000566,"9960103",,臺北捷運西門站-出入口2,北捷西門站-出入口2,"201504",臺北市中正區中華路一段59號、近憲兵隊,
121.551582660881,25.041311153646,A0000006659,"9960103",,臺北捷運忠孝敦化站-出入口3,北捷忠孝敦化站-出入口3,"201511",臺北市大安區忠孝東路四段182號,
121.567111900187,25.0412595899281,A0000006660,"9960103",,臺北捷運市政府站-出入口4,北捷市政府站-出入口4,"201511",臺北市信義區忠孝東路五段71巷口,
121.550583226992,25.041335327129,A0000006662,"9960103",,臺北捷運忠孝敦化站-出入口4,北捷忠孝敦化站-出入口4,"201511",臺北市大安區忠孝東路四段166號,
121.549836764496,25.0413443568235,A0000006663,"9960103",,臺北捷運忠孝敦化站-出入口5,北捷忠孝敦化站-出入口5,"202202",臺北市大安區忠孝東路四段148號,
121.557382724188,25.0413509807456,A0000000734,"9960103",,臺北捷運國父紀念館站_BL17,北捷國父紀念館站_BL17,"201808",臺北市信義區忠孝東路四段400號,02-218-12345
121.565462178744,25.0413579726218,A0000000631,"9960103",,臺北捷運市政府站-出入口1,北捷市政府站-出入口1,"202202",臺北市信義區忠孝東路五段15巷口、市府轉運站對面,
121.545035045442,25.0414464337318,A0000006664,"9960103",,臺北捷運忠孝復興站-出入口3,北捷忠孝復興站-出入口3,"201511",臺北市大安區忠孝東路四段52號、SOGO百貨忠孝館對面,
121.550420374752,25.0414923146164,A0000000713,"9960103",,臺北捷運忠孝敦化站_BL16,北捷忠孝敦化站_BL16,"202202",臺北市大安區忠孝東路四段182號,02-218-12345
121.558045709075,25.0414874610262,A0000006665,"9960103",,臺北捷運國父紀念館站-出入口5,北捷國父紀念館站-出入口5,"201511",臺北市信義區忠孝東路四段與光復南路交叉口、光復國小對面,
121.533041303654,25.041642646887,A0000007242,"9960103",,臺北捷運忠孝新生站-出入口7,北捷忠孝新生站-出入口7,"201511",臺北市大安區新生南路一段、忠孝東路三段口,
121.551639930053,25.0416190507316,A0000006667,"9960103",,臺北捷運忠孝敦化站-出入口2,北捷忠孝敦化站-出入口2,"202202",臺北市大安區忠孝東路四段203號,
121.550592382206,25.0416412723128,A0000006669,"9960103",,臺北捷運忠孝敦化站-出入口1,北捷忠孝敦化站-出入口1,"201511",臺北市大安區忠孝東路四段175號,
121.549967889712,25.0416593030387,A0000000633,"9960103",,臺北捷運忠孝敦化站-出入口7,北捷忠孝敦化站-出入口7,"201504",臺北市大安區忠孝東路四段151號,
121.508761737932,25.0418539804934,A0000000565,"9960103",,臺北捷運西門站-出入口3,北捷西門站-出入口3,"202202",臺北市中正區中華路一段、寶慶路口,
121.556678057867,25.0417014194033,A0000006671,"9960103",,臺北捷運國父紀念館站-出入口1,北捷國父紀念館站-出入口1,"201511",臺北市信義區忠孝東路四段327號、近中華電視公司,
121.544957215613,25.0417609682138,A0000006672,"9960103",,臺北捷運忠孝復興站-出入口4,北捷忠孝復興站-出入口4,"201511",臺北市大安區忠孝東路四段47號、近SOGO百貨忠孝館,
121.533696735441,25.041813958164,A0000006674,"9960103",,臺北捷運忠孝新生站-出入口3,北捷忠孝新生站-出入口3,"201511",臺北市大安區忠孝東路三段10巷,
121.54320297497,25.0417917858723,A0000006673,"9960103",,臺北捷運忠孝復興站-出入口1,北捷忠孝復興站-出入口1,"201511",臺北市大安區忠孝東路三段291號與安東街交叉口,
121.54918761219,25.0418106737529,A0000006675,"9960103",,臺北捷運忠孝敦化站-出入口8,北捷忠孝敦化站-出入口8,"201511",臺北市大安區敦化南路一段209號,
121.543943995875,25.0419052390331,A0000006676,"9960103",,臺北捷運忠孝復興站-出入口5,北捷忠孝復興站-出入口5,"201511",臺北市大安區復興南路一段153號,
121.50762343674,25.0421258098992,A0000000473,"9960103",,臺北捷運西門站-出入口1,北捷西門站-出入口1,"202202",臺北市中正區漢中街、成都路口、近西門紅樓,
121.508537482313,25.0421296936401,A0000014296,"9960103",,臺北捷運西門站_BL11_G12,北捷西門站_BL11_G12,"202202",臺北市中正區寶慶路32之1號B1,02-218-12345
121.516271649148,25.042103219346,A0000014297,"9960103",,臺北捷運台大醫院站_R09,北捷台大醫院站_R09,"202202",臺北市中正區公園路52號B1,02-218-12345
121.532096333697,25.042118617913,A0000000634,"9960103",,臺北捷運忠孝新生站-出入口2,北捷忠孝新生站-出入口2,"201504",臺北市大安區忠孝東路二段134巷、近忠孝公園,
121.508880465558,25.0422636754151,A0000000563,"9960103",,臺北捷運西門站-出入口4,北捷西門站-出入口4,"202202",臺北市中正區中華路一段、衡陽路口,
121.532885860414,25.0423787943195,A0000014339,"9960103",,臺北捷運忠孝新生站_BL14_O07,北捷忠孝新生站_BL14_O07,"202202",臺北市大安區新生南路一段67號,02-218-12345
121.53328585605,25.0424457649095,A0000006680,"9960103",,臺北捷運忠孝新生站-出入口4,北捷忠孝新生站-出入口4,"201511",臺北市大安區忠孝東路三段與新生南路一段交叉口、近臺北科技大學,
121.507762302709,25.0425655095452,A0000000564,"9960103",,臺北捷運西門站-出入口6,北捷西門站-出入口6,"202202",臺北市中正區漢中街、成都路口,
121.50875970314,25.0428163650045,A0000000567,"9960103",,臺北捷運西門站-出入口5,北捷西門站-出入口5,"201504",臺北市中正區中華路一段、秀山街口,
121.53189397266,25.0427574832737,A0000000474,"9960103",,臺北捷運忠孝新生站-出入口1,北捷忠孝新生站-出入口1,"202202",臺北市大安區忠孝東路二段101號、近忠孝國小,
121.51671360335,25.0429271884416,A0000014388,"9960103",,臺北捷運台大醫院站-出入口3,北捷台大醫院站-出入口3,"202202",臺北市中正區公園路、臺大醫院復健部旁,
121.516341726691,25.0430134248152,A0000014394,"9960103",,臺北捷運台大醫院站-出入口4,北捷台大醫院站-出入口4,"202202",臺北市中正區公園路、近國立台灣博物館,
121.581951413618,25.043841192258,A0000006695,"9960103",,臺北捷運後山埤站-出入口2,北捷後山埤站-出入口2,"201411",臺北市南港區忠孝東路五段790巷口、中坡南路口,
121.524249959056,25.0441731714705,A0000000640,"9960103",,臺北捷運善導寺站-出入口4,北捷善導寺站-出入口4,"202202",臺北市中正區忠孝東路一段84巷巷口、近青島國宅,
121.524745786768,25.0443112389816,A0000000641,"9960103",,臺北捷運善導寺站-出入口5,北捷善導寺站-出入口5,"202202",臺北市中正區忠孝東路一段與紹興南街交叉口、近華山市場,
121.523624733395,25.0444896078948,A0000000638,"9960103",,臺北捷運善導寺站-出入口3,北捷善導寺站-出入口3,"202202",臺北市中正區忠孝東路一段70巷巷口,
121.581496260393,25.0443909396357,A0000006701,"9960103",,臺北捷運後山埤站-出入口1,北捷後山埤站-出入口1,"201411",臺北市南港區忠孝東路五段743巷與中坡北路交叉口、近五分埔,
121.524810391212,25.044620917824,A0000000639,"9960103",,臺北捷運善導寺站-出入口6,北捷善導寺站-出入口6,"202202",臺北市中正區忠孝東路一段與紹興北街交叉口、近善導寺,
121.524002653305,25.0446540401063,A0000000735,"9960103",,臺北捷運善導寺站_BL13,北捷善導寺站_BL13,"202202",臺北市中正區忠孝東路一段58號B1,02-218-12345
121.523000772134,25.0447310770715,A0000000637,"9960103",,臺北捷運善導寺站-出入口2,北捷善導寺站-出入口2,"201504",臺北市中正區忠孝東路一段與林森南路交叉口,
121.582270285365,25.0446796578043,A0000000730,"9960103",,臺北捷運後山埤站_BL20,北捷後山埤站_BL20,"201808",臺北市南港區忠孝東路六段2號,02-218-12345
121.523109625361,25.0450276275541,A0000000475,"9960103",,臺北捷運善導寺站-出入口1,北捷善導寺站-出入口1,"201504",臺北市中正區忠孝東路一段與林森北路交叉口、近警政署,
121.583190815276,25.045251123378,A0000006742,"9960103",,臺北捷運後山埤站-出入口3,北捷後山埤站-出入口3,"202202",臺北市南港區忠孝東路六段6號、玉成街140巷對面、近聯合醫院忠孝院區,
121.582460574157,25.0455826083143,A0000006712,"9960103",,臺北捷運後山埤站-出入口4,北捷後山埤站-出入口4,"201511",臺北市南港區玉成街98巷口、永吉路605號、近合作金庫銀行,
121.517555275481,25.045870245899,A0000014595,"9960103",,臺北捷運台北車站-出入口M8,北捷台北車站-出入口M8,"202202",臺北市中正區公園路13號,
121.516784511352,25.0461010842294,A0000014602,"9960103",,臺北捷運台北車站-出入口M6,北捷台北車站-出入口M6,"202202",臺北市中正區忠孝西路一段38號,
121.518565694023,25.0461356384506,A0000014606,"9960103",,臺北捷運台北車站-出入口M7,北捷台北車站-出入口M7,"202202",臺北市中正區忠孝西路一段33號,
121.517527223427,25.0462383176901,A0000014612,"9960103",,臺北捷運台北車站_BL12_R10,北捷台北車站_BL12_R10,"202202",臺北市中正區忠孝西路一段49號,02-218-12345
121.517805208292,25.0463221318167,A0000014619,"9960103",,臺北捷運台北車站-出入口M3,北捷台北車站-出入口M3,"202202",臺北市中正區忠孝西路一段45號,
121.517279009499,25.0464991116701,A0000014628,"9960103",,臺北捷運台北車站-出入口M4,北捷台北車站-出入口M4,"202202",臺北市中正區忠孝西路一段38號對面,
121.516241402627,25.0467456496877,A0000014641,"9960103",,臺北捷運台北車站-出入口M5,北捷台北車站-出入口M5,"202202",臺北市中正區忠孝西路一段66號對面,
121.518941596339,25.0481050713154,A0000014748,"9960103",,臺北捷運台北車站-出入口M2,北捷台北車站-出入口M2,"202202",臺北市中正區市民大道一段209號對面、近國父史蹟紀念館,
121.518342098005,25.0482361729792,A0000014757,"9960103",,臺北捷運台北車站-出入口M1,北捷台北車站-出入口M1,"202202",臺北市中正區台鐵臺北車站北一門旁,
121.514972224886,25.0485218433663,A0000014771,"9960103",,桃園機場捷運台北車站-出入口1,機捷台北車站-出入口1,"202205",臺北市中正區市民大道臺北地下街出口Y12西面,
121.513639914718,25.0486285980294,A0000007625,"9960103",,桃園機場捷運台北車站-出入口4,機捷台北車站-出入口4,"202205",臺北市中正區重慶北路一段與北平西路交叉口東北面,
121.514327763033,25.0487311118264,A0000014788,"9960103",,桃園機場捷運台北車站_A1,機捷台北車站_A1,"202205",臺北市中正區鄭州路8號,(03)286-8789
121.514343749813,25.0488192590929,A0000014791,"9960103",,桃園機場捷運台北車站-出入口2,機捷台北車站-出入口2,"202205",臺北市中正區市民大道臺北地下街出口Y18東面,
121.513763799475,25.0489399312039,A0000014798,"9960103",,桃園機場捷運台北車站-出入口3,機捷台北車站-出入口3,"202205",臺北市中正區市民大道與重慶北路一段交叉口東南面,
121.509996590201,25.048981320302,A0000000518,"9960103",,臺北捷運北門站-出入口1,北捷北門站-出入口1,"201504",臺北市大同區塔城街與忠孝西路二段路口西北隅（於塔城街上）,
121.512758052936,25.0490513623117,A0000014804,"9960103",,桃園機場捷運台北車站-出入口5,機捷台北車站-出入口5,"202205",臺北市中正區市民大道與重慶北路一段交叉口西南面,
121.510274515332,25.0493580380324,A0000000699,"9960103",,臺北捷運北門站_G13,北捷北門站_G13,"201808",臺北市大同區塔城街10號,02-218-12345
121.512132024779,25.0493695854076,A0000014820,"9960103",,桃園機場捷運台北車站-出入口6,機捷台北車站-出入口6,"202205",臺北市中正區市民大道近延平北路交叉東南面,
121.510580668625,25.0494024154049,A0000000568,"9960103",,臺北捷運北門站-出入口2,北捷北門站-出入口2,"201504",臺北市大同區塔城街東側,
121.510086459196,25.0498531344116,A0000000569,"9960103",,臺北捷運北門站-出入口3,北捷北門站-出入口3,"201710",臺北市大同區塔城街與鄭州路口西南隅（於鄭州路上）,
121.578013462161,25.0497643718983,A0000000596,"9960103",,臺北捷運松山站-出入口4,北捷松山站-出入口4,"201504",臺北市松山區八德路四段與松山路口東南隅、近五分埔商圈,
121.577503220912,25.0497777498332,A0000000595,"9960103",,臺北捷運松山站-出入口3,北捷松山站-出入口3,"202202",臺北市松山區八德路四段與松山路口西南隅、近行政中心,
121.577489723321,25.0500592239298,A0000000720,"9960103",,臺北捷運松山站_G19,北捷松山站_G19,"202001",臺北市松山區八德路四段742號,02-218-12345
121.576221891417,25.0501414093124,A0000010416,"9960103",,臺北捷運松山站-出入口2,北捷松山站-出入口2,"201710",臺北市松山區八德路四段北側、近松山市場,
121.57704507739,25.0501485057073,A0000007647,"9960103",,臺北捷運松山站-出入口1,北捷松山站-出入口1,"201504",臺北市松山區八德路四段與松山路口西北隅、近饒河街觀光夜市,
121.592762063747,25.0503409283227,A0000000477,"9960103",,臺北捷運昆陽站-出入口1,北捷昆陽站-出入口1,"201504",臺北市南港區忠孝東路六段403巷口,
121.592877503346,25.0504112381759,A0000000626,"9960103",,臺北捷運昆陽站-出入口2,北捷昆陽站-出入口2,"202202",臺北市南港區忠孝東路六段403巷1弄,
121.577952178249,25.0504878815578,A0000000598,"9960103",,臺北捷運松山站-出入口5,北捷松山站-出入口5,"202202",臺北市松山區八德路四段與松山路口東北隅、近松山國小,
121.593314054326,25.0504791462027,A0000000716,"9960103",,臺北捷運昆陽站_BL21,北捷昆陽站_BL21,"202202",臺北市南港區忠孝東路六段451號,02-218-12345
121.593791385057,25.0505814491425,A0000000624,"9960103",,臺北捷運昆陽站-出入口4,北捷昆陽站-出入口4,"202202",臺北市南港區忠孝東路六段449號與昆陽街交叉口,
121.593657765063,25.050617373021,A0000000625,"9960103",,臺北捷運昆陽站-出入口3,北捷昆陽站-出入口3,"201504",臺北市南港區忠孝東路六段403巷1弄、近昆陽街側,
121.532736208923,25.0510923250296,A0000000578,"9960103",,臺北捷運松江南京站-出入口3,北捷松江南京站-出入口3,"201504",臺北市中山區松江路與南京東路口西南隅（於松江路上）、近松江公園,
121.532742364396,25.0513218415928,A0000000577,"9960103",,臺北捷運松江南京站-出入口2,北捷松江南京站-出入口2,"201504",臺北市中山區松江路與南京東路口西南隅（於松江路上）、松江路108巷旁,
121.564417144527,25.0512708196226,A0000010423,"9960103",,臺北捷運南京三民站-出入口3,北捷南京三民站-出入口3,"202202",臺北市松山區南京東路五段與三民路口東南隅,
121.563119066699,25.0512954636414,A0000010424,"9960103",,臺北捷運南京三民站-出入口2,北捷南京三民站-出入口2,"202202",臺北市松山區南京東路五段與三民路口西南隅,
121.55249509574,25.051388905359,A0000000590,"9960103",,臺北捷運台北小巨蛋站-出入口3,北捷台北小巨蛋站-出入口3,"202202",臺北市松山區南京東路四段與北寧路口西南隅、近臺北體育館,
121.550847473412,25.0514338633237,A0000010425,"9960103",,臺北捷運台北小巨蛋站-出入口2,北捷台北小巨蛋站-出入口2,"201710",臺北市松山區南京東路四段(南側)、近臺北小巨蛋,
121.563841895513,25.0514174258713,A0000000725,"9960103",,臺北捷運南京三民站_G18,北捷南京三民站_G18,"201808",臺北市松山區南京東路五段237號,02-218-12345
121.533156524242,25.0515442697418,A0000000576,"9960103",,臺北捷運松江南京站-出入口4,北捷松江南京站-出入口4,"201504",臺北市中山區松江路與南京東路口東南隅（於松江路上）,
121.553023883893,25.0515065411467,A0000000591,"9960103",,臺北捷運台北小巨蛋站-出入口4,北捷台北小巨蛋站-出入口4,"202202",臺北市松山區南京東路四段與北寧路口東南隅,
121.541790401762,25.0516308086578,A0000000586,"9960103",,臺北捷運南京復興站-出入口2,北捷南京復興站-出入口2,"201504",臺北市松山區南京東路三段與遼寧街口西南隅,
121.544498534357,25.0516924533702,A0000000583,"9960103",,臺北捷運南京復興站-出入口5,北捷南京復興站-出入口5,"202202",臺北市松山區南京東路三段與復興北路口東南隅、近南京東路三段256巷,
121.552308397951,25.0516676003937,A0000000702,"9960103",,臺北捷運台北小巨蛋站_G17,北捷台北小巨蛋站_G17,"202202",臺北市松山區南京東路四段10之1號,02-218-12345
121.564766926922,25.0516395493359,A0000010427,"9960103",,臺北捷運南京三民站-出入口4,北捷南京三民站-出入口4,"202202",臺北市松山區南京東路五段、近南京東路與三民路口東北隅,
121.543273255676,25.051729720763,A0000000584,"9960103",,臺北捷運南京復興站-出入口4,北捷南京復興站-出入口4,"201710",臺北市松山區南京東路三段與復興北路口西南隅、近南京東路三段216巷,
121.542947102661,25.0517341273006,A0000000585,"9960103",,臺北捷運南京復興站-出入口3,北捷南京復興站-出入口3,"201710",臺北市松山區南京東路三段與復興北路口西南隅、近南京東路三段194巷,
121.563204051383,25.0516621402246,A0000000520,"9960103",,臺北捷運南京三民站-出入口1,北捷南京三民站-出入口1,"201504",臺北市松山區南京東路五段與三民路口西北隅,
121.53221748385,25.0517903298751,A0000000579,"9960103",,臺北捷運松江南京站-出入口1,北捷松江南京站-出入口1,"201504",臺北市中山區松江路與南京東路口西南隅（於南京東路上）,
121.533611208848,25.0518784540208,A0000000575,"9960103",,臺北捷運松江南京站-出入口5,北捷松江南京站-出入口5,"201504",臺北市中山區松江路與南京東路口東南隅（於南京東路上）,
121.552143544876,25.0518760028577,A0000000589,"9960103",,臺北捷運台北小巨蛋站-出入口5,北捷台北小巨蛋站-出入口5,"202202",臺北市松山區南京東路四段與健康路口西北隅,
121.551420025034,25.0518835747707,A0000000588,"9960103",,臺北捷運台北小巨蛋站-出入口1,北捷台北小巨蛋站-出入口1,"202202",臺北市松山區南京東路四段(北側)、近南京東路四段53巷,
121.544742084684,25.0519781199068,A0000000582,"9960103",,臺北捷運南京復興站-出入口6,北捷南京復興站-出入口6,"201710",臺北市松山區南京東路三段(北側)、近兄弟飯店,
121.543679248369,25.0520036451993,A0000000600,"9960103",,臺北捷運南京復興站-出入口8,北捷南京復興站-出入口8,"202202",臺北市松山區南京東路三段與復興北路口西北隅,
121.533022983983,25.0520807688443,A0000014975,"9960103",,臺北捷運松江南京站_G15_O08,北捷松江南京站_G15_O08,"202202",臺北市中山區松江路126號B1,02-218-12345
121.60664441848,25.0518408922954,A0000000623,"9960103",,臺北捷運南港站-出入口1,北捷南港站-出入口1,"201504",臺北市南港區忠孝東路七段380號、臺鐵南港站對面,
121.544039091301,25.0521318468494,A0000014981,"9960103",,臺北捷運南京復興站_BR11_G16,北捷南京復興站_BR11_G16,"202202",臺北市松山區南京東路三段253號,02-218-12345
121.533739189856,25.0521790350749,A0000000574,"9960103",,臺北捷運松江南京站-出入口6,北捷松江南京站-出入口6,"202202",臺北市中山區松江路與南京東路口東北隅（於南京東路上）,
121.607794089845,25.0519580431742,A0000000478,"9960103",,臺北捷運南港站-出入口2,北捷南港站-出入口2,"201504",臺北市南港區忠孝東路七段、近極限運動中心,
121.544375945903,25.0522461329656,A0000000479,"9960103",,臺北捷運南京復興站-出入口7,北捷南京復興站-出入口7,"201504",臺北市松山區南京東路三段與復興北路口東北隅(臨慶城街)、兄弟飯店旁,
121.521158961765,25.0523733661125,A0000000571,"9960103",,臺北捷運中山站-出入口2,北捷中山站-出入口2,"201504",臺北市大同區南京西路12號旁、近中山北路一段,
121.520305932342,25.052388517495,A0000000481,"9960103",,臺北捷運中山站-出入口1,北捷中山站-出入口1,"201504",臺北市大同區南京西路16號,
121.607240345469,25.052166335837,A0000000728,"9960103",,臺北捷運南港站_BL22,北捷南港站_BL22,"201808",臺北市南港區忠孝東路七段380號,02-218-12345
121.521124395016,25.0526176607831,A0000000572,"9960103",,臺北捷運中山站-出入口3,北捷中山站-出入口3,"202202",臺北市大同區南京西路11號旁、近中山北路二段,
121.533199795641,25.0525823421193,A0000000573,"9960103",,臺北捷運松江南京站-出入口7,北捷松江南京站-出入口7,"201504",臺北市中山區松江路與南京東路口東北隅（於松江路上）、近四平街,
121.520361287783,25.0526489813554,A0000015023,"9960103",,臺北捷運中山站_G14_R11,北捷中山站_G14_R11,"202202",臺北市大同區南京西路16號、南京西路55號,02-218-12345
121.519137973256,25.0527794032325,A0000000581,"9960103",,臺北捷運中山站-出入口6,北捷中山站-出入口6,"201710",臺北市大同區南京西路與赤峰街路口東南隅，南京西路64巷旁,
121.542327800536,25.0527027440584,A0000000587,"9960103",,臺北捷運南京復興站-出入口1,北捷南京復興站-出入口1,"201711",臺北市松山區遼寧街與遼寧街155巷口,
121.532716019889,25.0527763694778,A0000000480,"9960103",,臺北捷運松江南京站-出入口8,北捷松江南京站-出入口8,"202401",臺北市中山區松江路與南京東路口西北隅（於松江路上）、松江路124巷旁,
121.520321501841,25.052914294348,A0000000570,"9960103",,臺北捷運中山站-出入口4,北捷中山站-出入口4,"202202",臺北市大同區南京西路27號旁,
121.519252095417,25.0530708008585,A0000000580,"9960103",,臺北捷運中山站-出入口5,北捷中山站-出入口5,"202202",臺北市大同區南京西路55號、近南京西路與赤峰街路口東北隅,
121.61815607419,25.0541336541318,A0000000621,"9960103",,臺北捷運南港展覽館站-出入口7,北捷南港展覽館站-出入口7,"201504",臺北市南港區富康街1巷16弄、近誠正國中,
121.617837274669,25.0547510137029,A0000000619,"9960103",,臺北捷運南港展覽館站-出入口6,北捷南港展覽館站-出入口6,"201504",臺北市南港區南港路一段與經貿一路交叉口,
121.61688296659,25.0548564820231,A0000000620,"9960103",,臺北捷運南港展覽館站-出入口5,北捷南港展覽館站-出入口5,"202202",臺北市南港區南港路一段與研究院路一段交叉口,
121.617744682032,25.0551207370041,A0000015157,"9960103",,臺北捷運南港展覽館站_BL23_BR24,北捷南港展覽館站_BL23_BR24,"202202",臺北市南港區南港路一段32號、研究院路一段1號,02-218-12345
121.618247087096,25.0551553506301,A0000000617,"9960103",,臺北捷運南港展覽館站-出入口3,北捷南港展覽館站-出入口3,"201504",臺北市南港區南港路一段與經貿一路交叉口,
121.61751494477,25.0552795790567,A0000000622,"9960103",,臺北捷運南港展覽館站-出入口2A,北捷南港展覽館站-出入口2A,"201504",臺北市南港區南港路一段32號與經貿二路交叉口,
121.617379241556,25.0553760022809,A0000000482,"9960103",,臺北捷運南港展覽館站-出入口2,北捷南港展覽館站-出入口2,"201504",臺北市南港區南港路一段32號與經貿二路交叉口,
121.618287640505,25.0553722233859,A0000000618,"9960103",,臺北捷運南港展覽館站-出入口4,北捷南港展覽館站-出入口4,"201504",臺北市南港區經貿一路、南港展覽館旁,
121.617202622883,25.0559547074359,A0000000616,"9960103",,臺北捷運南港展覽館站-出入口1,北捷南港展覽館站-出入口1,"201504",臺北市南港區經貿二路、南港展覽館旁,
121.520583543133,25.0574233149294,A0000000483,"9960103",,臺北捷運雙連站-出入口1,北捷雙連站-出入口1,"201504",臺北市大同區民生西路72號旁,
121.520646606418,25.057657691021,A0000015239,"9960103",,臺北捷運雙連站_R12,北捷雙連站_R12,"202202",臺北市大同區民生西路47號,02-218-12345
121.520607848954,25.0578839412705,A0000000645,"9960103",,臺北捷運雙連站-出入口2,北捷雙連站-出入口2,"201504",臺北市大同區民生西路47號,
121.532983470985,25.0581713451761,A0000000485,"9960103",,臺北捷運行天宮站-出入口1,北捷行天宮站-出入口1,"202202",臺北市中山區松江路218號,
121.533488029316,25.0587608894282,A0000010547,"9960103",,臺北捷運行天宮站-出入口2,北捷行天宮站-出入口2,"201803",臺北市中山區松江路235巷口,
121.533172097197,25.0592421361921,A0000000708,"9960103",,臺北捷運行天宮站_O09,北捷行天宮站_O09,"202001",臺北市中山區松江路316號B1,02-218-12345
121.53345610329,25.0598845278734,A0000000681,"9960103",,臺北捷運行天宮站-出入口3,北捷行天宮站-出入口3,"202202",臺北市中山區松江路273號、近錦州街口,
121.615908324514,25.0599400004009,A0000000729,"9960103",,臺北捷運南港軟體園區站_BR23,北捷南港軟體園區站_BR23,"202202",臺北市南港區經貿二路183號,02-218-12345
121.616353625827,25.0601214026147,A0000000615,"9960103",,臺北捷運南港軟體園區站-出入口2,北捷南港軟體園區站-出入口2,"202202",臺北市南港區經貿二路185巷東側,
121.532815323075,25.0604694901481,A0000000682,"9960103",,臺北捷運行天宮站-出入口4,北捷行天宮站-出入口4,"201504",臺北市中山區松江路318號、近錦州街口,
121.615877827936,25.0603723591402,A0000000484,"9960103",,臺北捷運南港軟體園區站-出入口1,北捷南港軟體園區站-出入口1,"201504",臺北市南港區經貿二路185巷西側,
121.54400258282,25.0607698729342,A0000000486,"9960103",,臺北捷運中山國中站-出入口,北捷中山國中站-出入口,"201504",臺北市中山區民權東路三段與復興北路交叉口,
121.544257828656,25.0607846283959,A0000000692,"9960103",,臺北捷運中山國中站_BR12,北捷中山國中站_BR12,"202001",臺北市中山區復興北路376號,02-218-12345
121.519960240995,25.061419543961,A0000000647,"9960103",,臺北捷運民權西路站-出入口3,北捷民權西路站-出入口3,"201504",臺北市大同區天祥路16巷口,
121.519616310941,25.0618638364005,A0000000648,"9960103",,臺北捷運民權西路站-出入口2,北捷民權西路站-出入口2,"202202",臺北市大同區成淵高中後方,
121.519867804469,25.0619383043977,A0000000646,"9960103",,臺北捷運民權西路站-出入口4,北捷民權西路站-出入口4,"201504",臺北市大同區天祥路48巷35號對面,
121.527140009224,25.0624471458356,A0000000666,"9960103",,臺北捷運中山國小站-出入口3,北捷中山國小站-出入口3,"201504",臺北市中山區民權東路一段、新生北路二段口，近新興國中,
121.525968946308,25.062478509059,A0000000667,"9960103",,臺北捷運中山國小站-出入口2,北捷中山國小站-出入口2,"201504",臺北市中山區民權東路一段、林森北路口，近新興國中,
121.519470812187,25.0625674513693,A0000000487,"9960103",,臺北捷運民權西路站-出入口1,北捷民權西路站-出入口1,"202202",臺北市大同區民權西路72號,
121.520524236241,25.0626906879635,A0000000654,"9960103",,臺北捷運民權西路站-出入口8,北捷民權西路站-出入口8,"202202",臺北市大同區民權西路、天祥路口，近民權西路48號,
121.526526483855,25.0626774345856,A0000015420,"9960103",,臺北捷運中山國小站_O10,北捷中山國小站_O10,"202202",臺北市中山區民權東路一段71號B1,02-218-12345
121.520123003897,25.0627050221169,A0000000652,"9960103",,臺北捷運民權西路站-出入口7,北捷民權西路站-出入口7,"201504",臺北市大同區民權西路58、60號前,
121.518950046243,25.0627348560661,A0000010567,"9960103",,臺北捷運民權西路站-出入口6,北捷民權西路站-出入口6,"201803",臺北市大同區承德路二段、民權西路口，近台灣銀行,
121.526777149585,25.0628330559927,A0000000665,"9960103",,臺北捷運中山國小站-出入口4,北捷中山國小站-出入口4,"202202",臺北市中山區民權東路一段、新生北路三段口，近中山國小,
121.525980516338,25.0628576556653,A0000000488,"9960103",,臺北捷運中山國小站-出入口1,北捷中山國小站-出入口1,"201504",臺北市中山區民權東路一段、林森北路口，近中山國小,
121.519337570033,25.0629511661056,A0000015429,"9960103",,臺北捷運民權西路站_O11_R13,北捷民權西路站_O11_R13,"202202",臺北市大同區民權西路72號,02-218-12345
121.520551163151,25.0629550346461,A0000000653,"9960103",,臺北捷運民權西路站-出入口9,北捷民權西路站-出入口9,"201504",臺北市大同區民權西路、天祥路口，近民權西路53號,
121.520075083084,25.0629684574044,A0000000651,"9960103",,臺北捷運民權西路站-出入口10,北捷民權西路站-出入口10,"201504",臺北市大同區民權西路67、69號前,
121.551720132918,25.0630071485315,A0000000489,"9960103",,臺北捷運松山機場站-出入口3,北捷松山機場站-出入口3,"201504",臺北市松山區松山機場正前方約40公尺,
121.551631987844,25.0630135970253,A0000010445,"9960103",,臺北捷運松山機場站_BR13,北捷松山機場站_BR13,"201808",臺北市松山區敦化北路338號,02-218-12345
121.512327043662,25.0631603624728,A0000000490,"9960103",,臺北捷運大橋頭站-出入口1,北捷大橋頭站-出入口1,"202202",臺北市大同區民權西路225巷口,
121.51327920096,25.0631866411263,A0000000663,"9960103",,臺北捷運大橋頭站-出入口2,北捷大橋頭站-出入口2,"202202",臺北市大同區民權西路、重慶北路三段口,
121.518730777306,25.06320013434,A0000000650,"9960103",,臺北捷運民權西路站-出入口5,北捷民權西路站-出入口5,"202202",臺北市大同區承德路三段、撫順街口,
121.5129332337,25.0632319748799,A0000000688,"9960103",,臺北捷運大橋頭站_O12,北捷大橋頭站_O12,"202202",臺北市大同區民權西路223號B1,02-218-12345
121.511603145108,25.0633532062784,A0000015450,"9960103",,臺北捷運大橋頭站-出入口1A,北捷大橋頭站-出入口1A,"202202",臺北市大同區民權西路、延平北路三段口,
121.551208571534,25.0635140225791,A0000000601,"9960103",,臺北捷運松山機場站-出入口2,北捷松山機場站-出入口2,"201504",臺北市松山區松山機場西側,
121.551934940565,25.0635253990778,A0000000602,"9960103",,臺北捷運松山機場站-出入口1,北捷松山機場站-出入口1,"202202",臺北市松山區松山機場東側,
121.513430905348,25.0637635791923,A0000000664,"9960103",,臺北捷運大橋頭站-出入口3,北捷大橋頭站-出入口3,"202202",臺北市大同區重慶北路三段、大橋國小旁,
121.611875193181,25.0670727293103,A0000000491,"9960103",,臺北捷運東湖站-出入口3,北捷東湖站-出入口3,"201504",臺北市內湖區康寧路三段(臨安康公園),
121.611521278682,25.0671565315596,A0000000719,"9960103",,臺北捷運東湖站_BR22,北捷東湖站_BR22,"202001",臺北市內湖區康寧路三段235號,02-218-12345
121.611173108781,25.0671896263028,A0000000613,"9960103",,臺北捷運東湖站-出入口2,北捷東湖站-出入口2,"201504",臺北市內湖區康寧路三段(臨南湖高中),
121.61097942358,25.067196309721,A0000000614,"9960103",,臺北捷運東湖站-出入口1,北捷東湖站-出入口1,"202202",臺北市內湖區康寧路三段(臨康寧公園),
121.520081875955,25.070854391021,A0000000492,"9960103",,臺北捷運圓山站-出入口1,北捷圓山站-出入口1,"202202",臺北市大同區酒泉街與玉門街,
121.520133279586,25.0712295162579,A0000000740,"9960103",,臺北捷運圓山站_R14,北捷圓山站_R14,"202202",臺北市大同區酒泉街9之1號,02-218-12345
121.520128191064,25.0716816320374,A0000000655,"9960103",,臺北捷運圓山站-出入口2,北捷圓山站-出入口2,"201504",臺北市大同區庫倫街,
121.607225287067,25.0725116266023,A0000000612,"9960103",,臺北捷運葫洲站-出入口2,北捷葫洲站-出入口2,"201504",臺北市內湖區康寧路三段16巷側,
121.607551724718,25.0725808264379,A0000000745,"9960103",,臺北捷運葫洲站_BR21,北捷葫洲站_BR21,"202001",臺北市內湖區康寧路三段16號,02-218-12345
121.607995528379,25.072652722737,A0000000493,"9960103",,臺北捷運葫洲站-出入口1,北捷葫洲站-出入口1,"201504",臺北市內湖區康寧路三段39號旁,
121.584587188115,25.0783335146413,A0000000494,"9960103",,臺北捷運文德站-出入口2,北捷文德站-出入口2,"202202",臺北市內湖區文德路(內湖高中旁),
121.585203159354,25.0785540242569,A0000000696,"9960103",,臺北捷運文德站_BR18,北捷文德站_BR18,"202202",臺北市內湖區文德路214號,02-218-12345
121.585716066173,25.0788281850854,A0000000609,"9960103",,臺北捷運文德站-出入口1,北捷文德站-出入口1,"201504",臺北市內湖區文德路(內湖高中對面),
121.547110325188,25.0794545255448,A0000000604,"9960103",,臺北捷運大直站-出入口3,北捷大直站-出入口3,"202202",臺北市中山區北安路與大直街交叉口(臨海基會),
121.546873633009,25.0796195995183,A0000000603,"9960103",,臺北捷運大直站-出入口2,北捷大直站-出入口2,"202202",臺北市中山區北安路與大直街交叉口,
121.547224499946,25.0797683158364,A0000000686,"9960103",,臺北捷運大直站_BR14,北捷大直站_BR14,"201808",臺北市中山區北安路534之1號,02-218-12345
121.575323698266,25.0799798904001,A0000000738,"9960103",,臺北捷運港墘站_BR17,北捷港墘站_BR17,"202001",臺北市內湖區內湖路一段663號,02-218-12345
121.574880039939,25.0800111130476,A0000000495,"9960103",,臺北捷運港墘站-出入口2,北捷港墘站-出入口2,"202202",臺北市內湖區內湖路一段(臨內湖高工),
121.575705860049,25.0801232896726,A0000000608,"9960103",,臺北捷運港墘站-出入口1,北捷港墘站-出入口1,"201504",臺北市內湖區臨內湖路一段667巷,
121.54705051797,25.0802949657818,A0000000496,"9960103",,臺北捷運大直站-出入口1,北捷大直站-出入口1,"201710",臺北市中山區大直街(大直婦女中心),
121.567074814168,25.0819526666017,A0000000607,"9960103",,臺北捷運西湖站-出入口2,北捷西湖站-出入口2,"201504",臺北市內湖區內湖路一段(臨基湖路),
121.566988682675,25.0821665529836,A0000000710,"9960103",,臺北捷運西湖站_BR16,北捷西湖站_BR16,"202202",臺北市內湖區內湖路一段256號,02-218-12345
121.56676961974,25.0824503362417,A0000000497,"9960103",,臺北捷運西湖站-出入口1,北捷西湖站-出入口1,"201504",臺北市內湖區內湖路一段(西湖市場旁),
121.524742201266,25.0832823836319,A0000000656,"9960103",,臺北捷運劍潭站-出入口2,北捷劍潭站-出入口2,"202202",臺北市士林區基河路22號對面,
121.602548976161,25.0833989441997,A0000000611,"9960103",,臺北捷運大湖公園站-出入口2,北捷大湖公園站-出入口2,"202202",臺北市內湖區成功路五段(大湖公園),
121.594603672972,25.0835407902436,A0000000610,"9960103",,臺北捷運內湖站-出入口2,北捷內湖站-出入口2,"202202",臺北市內湖區臨成功路四段167巷,
121.602511395273,25.083569075203,A0000011747,"9960103",,臺北捷運大湖公園站_BR20,北捷大湖公園站_BR20,"202001",臺北市內湖區成功路五段11號,02-218-12345
121.594435875072,25.0837160001817,A0000000754,"9960103",,臺北捷運內湖站_BR19,北捷內湖站_BR19,"202202",臺北市內湖區成功路四段186號,02-218-12345
121.594217929059,25.0838981185266,A0000000498,"9960103",,臺北捷運內湖站-出入口1,北捷內湖站-出入口1,"202202",臺北市內湖區臨成功路四段182巷,
121.60265693233,25.0838891121936,A0000000499,"9960103",,臺北捷運大湖公園站-出入口1,北捷大湖公園站-出入口1,"201504",臺北市內湖區成功路五段(大湖山莊街),
121.524999484224,25.0843405255258,A0000000749,"9960103",,臺北捷運劍潭站_R15,北捷劍潭站_R15,"201808",臺北市士林區中山北路五段65號,02-218-12345
121.52492000314,25.0844019987214,A0000010801,"9960103",,臺北捷運劍潭站-出入口3,北捷劍潭站-出入口3,"201909",臺北市士林區劍潭路,
121.555996720113,25.0843369273895,A0000000606,"9960103",,臺北捷運劍南路站-出入口3,北捷劍南路站-出入口3,"201504",臺北市中山區北安路798號,
121.555263691359,25.0845466029726,A0000000605,"9960103",,臺北捷運劍南路站-出入口2,北捷劍南路站-出入口2,"202202",臺北市中山區北安路798號,
121.555906483118,25.0847746181709,A0000011748,"9960103",,臺北捷運劍南路站_BR15,北捷劍南路站_BR15,"202202",臺北市中山區北安路798號,02-218-12345
121.525221461421,25.0851945866244,A0000000501,"9960103",,臺北捷運劍潭站-出入口1,北捷劍潭站-出入口1,"201504",臺北市士林區中山北路五段65號,
121.55520819905,25.0851712868194,A0000000500,"9960103",,臺北捷運劍南路站-出入口1,北捷劍南路站-出入口1,"201504",臺北市中山區北安路811巷,
121.526407507574,25.0929068026692,A0000000657,"9960103",,臺北捷運士林站-出入口2,北捷士林站-出入口2,"201504",臺北市士林區福德路1號,
121.526208009757,25.0935032155238,A0000000683,"9960103",,臺北捷運士林站_R16,北捷士林站_R16,"202001",臺北市士林區福德路1號,02-218-12345
121.52603432022,25.0940471379324,A0000000502,"9960103",,臺北捷運士林站-出入口1,北捷士林站-出入口1,"201504",臺北市士林區中正路247巷旁,
121.522663413596,25.1021687702525,A0000000503,"9960103",,臺北捷運芝山站-出入口1,北捷芝山站-出入口1,"202202",臺北市士林區福國路70號,
121.522524791664,25.1029054663068,A0000000723,"9960103",,臺北捷運芝山站_R17,北捷芝山站_R17,"202001",臺北市士林區福國路70號,02-218-12345
121.522387758093,25.1037736947611,A0000000658,"9960103",,臺北捷運芝山站-出入口2,北捷芝山站-出入口2,"201504",臺北市士林區福華路162巷口對面,
121.519154595501,25.1092861505955,A0000015959,"9960103",,臺北捷運明德站-出入口1,北捷明德站-出入口1,"202202",臺北市北投區明德路95號、明德國中斜對面,
121.519040529193,25.1094436102028,A0000000717,"9960103",,臺北捷運明德站_R18,北捷明德站_R18,"201808",臺北市北投區明德路95號,02-218-12345
121.518608690877,25.1099630030243,A0000015960,"9960103",,臺北捷運明德站-出入口3,北捷明德站-出入口3,"202202",臺北市北投區西安街一段175號對面,
121.518722543867,25.1100136979195,A0000015961,"9960103",,臺北捷運明德站-出入口2,北捷明德站-出入口2,"202202",臺北市北投區東華街一段378號對面,
121.51619167178,25.1135970865246,A0000000505,"9960103",,臺北捷運石牌站-出入口2,北捷石牌站-出入口2,"201504",臺北市北投區西安街一段329號對面,
121.515769568924,25.1142069258563,A0000000707,"9960103",,臺北捷運石牌站_R19,北捷石牌站_R19,"201808",臺北市北投區石牌路一段200號,02-218-12345
121.515268409876,25.114924878309,A0000000659,"9960103",,臺北捷運石牌站-出入口1,北捷石牌站-出入口1,"201504",臺北市北投區石牌路一段、二段與東華街、西安街交叉口、近市立石牌國中,
121.506895619899,25.1207179631608,A0000000506,"9960103",,臺北捷運唭哩岸站-出入口1,北捷唭哩岸站-出入口1,"202202",臺北市北投區西安街二段279號,
121.506451722996,25.1208040908667,A0000000733,"9960103",,臺北捷運唭哩岸站_R20,北捷唭哩岸站_R20,"201808",臺北市北投區東華街二段301號,02-218-12345
121.505946562276,25.1208444737923,A0000000660,"9960103",,臺北捷運唭哩岸站-出入口2,北捷唭哩岸站-出入口2,"201504",臺北市北投區西安街二段347號,
121.467157875048,25.1254330100582,A0000000507,"9960103",,臺北捷運關渡站-出入口1,北捷關渡站-出入口1,"202202",臺北市北投區大度路三段296巷51號,
121.466832129951,25.1254618427318,A0000000662,"9960103",,臺北捷運關渡站-出入口2,北捷關渡站-出入口2,"202202",臺北市北投區中央北路四段583巷11弄內、近關渡國小,
121.46696761577,25.1255226531212,A0000010295,"9960103",,臺北捷運關渡站_R25,北捷關渡站_R25,"201808",臺北市北投區大度路三段296巷51號,02-218-12345
121.501015264545,25.1260152323277,A0000000712,"9960103",,臺北捷運奇岩站_R21,北捷奇岩站_R21,"202202",臺北市北投區三合街二段489號,02-218-12345
121.473606139583,25.1309898183777,A0000010296,"9960103",,臺北捷運忠義站-出入口2,北捷忠義站-出入口2,"202202",臺北市北投區近和信醫院,
121.473390384935,25.1310139896226,A0000010297,"9960103",,臺北捷運忠義站_R24,北捷忠義站_R24,"201808",臺北市北投區中央北路四段301號,02-218-12345
121.473351198546,25.1311185690415,A0000000509,"9960103",,臺北捷運忠義站-出入口1,北捷忠義站-出入口1,"201710",臺北市北投區中央北路四段301號,
121.499033557025,25.1313581309535,A0000010800,"9960103",,臺北捷運北投站-出入口2,北捷北投站-出入口2,"201909",臺北市北投區近大興街,
121.498306873978,25.1322407225191,A0000000510,"9960103",,臺北捷運北投站-出入口1,北捷北投站-出入口1,"201909",臺北市北投區育仁路與光明路交叉口、近私立十信高中,
121.498255692734,25.1323144999139,A0000000698,"9960103",,臺北捷運北投站_R22,北捷北投站_R22,"202202",臺北市北投區光明路1號,02-218-12345
121.50230221775,25.1368916020751,A0000016148,"9960103",,臺北捷運新北投站-出入口2,北捷新北投站-出入口2,"202202",臺北市北投區近七星街,
121.503240928389,25.136955818033,A0000016150,"9960103",,臺北捷運新北投站-出入口1,北捷新北投站-出入口1,"202202",臺北市北投區大業路與光明路交叉口、近北投公園,
121.503440328431,25.1369567133394,A0000000741,"9960103",,臺北捷運新北投站_R22A,北捷新北投站_R22A,"202202",臺北市北投區大業路700號,02-218-12345
121.485234700301,25.1373640104862,A0000000661,"9960103",,臺北捷運復興崗站-出入口2,北捷復興崗站-出入口2,"202202",臺北市北投區捷運北投機廠,
121.485355626394,25.1375119174916,A0000010300,"9960103",,臺北捷運復興崗站_R23,北捷復興崗站_R23,"201808",臺北市北投區中央北路三段53巷10號,02-218-12345
121.485402174141,25.1376533873517,A0000000512,"9960103",,臺北捷運復興崗站-出入口1,北捷復興崗站-出入口1,"202202",臺北市北投區中央北路三段53巷內,
121.501001572763,25.12558954847,A0000016345,"9960103",,臺北捷運奇岩站-出入口2,北捷奇岩站-出入口2,"202305",,
121.501203749644,25.1256149288038,A0000016346,"9960103",,臺北捷運奇岩站-出入口3,北捷奇岩站-出入口3,"202305",,
121.500986894661,25.1261056895471,A0000000508,"9960103",,臺北捷運奇岩站-出入口1,北捷奇岩站-出入口1,"202305",臺北市北投區北投路一段與三合街二段交叉口,
121.517925035512,25.0335059086089,A0000016419,"9960103",,臺北捷運中正紀念堂站-出入口4,北捷中正紀念堂站-出入口4,"202401",臺北市中正區羅斯福路一段7號,
121.512073651651,25.0492033492918,A0000016608,"9960103",,桃園機場捷運台北車站-出入口7,機捷台北車站-出入口7,"202401",臺北市中正區延平北路近市民大道交叉東南面,
120.625051236652,24.1081082081957,B0000014218,"9960103",,臺中捷運烏日站_出入口1,中捷烏日站_出入口1,"202205",,
120.624914506075,24.1088650552204,B0000006237,"9960103",,臺中捷運烏日站_118,中捷烏日站_118,"202205",,
120.625215087614,24.1091005767072,B0000014219,"9960103",,臺中捷運烏日站_出入口2,中捷烏日站_出入口2,"202205",,
120.613777695784,24.1100516026044,B0000014222,"9960103",,臺中捷運臺中高鐵站_出入口3,中捷臺中高鐵站_出入口3,"202205",,
120.615091783668,24.1100651214472,B0000014220,"9960103",,臺中捷運臺中高鐵站_出入口1,中捷臺中高鐵站_出入口1,"202205",,
120.614150030159,24.1100831544003,B0000014185,"9960103",,臺中捷運臺中高鐵站_119,中捷臺中高鐵站_119,"202205",,
120.634433155519,24.1102488835613,B0000014198,"9960103",,臺中捷運九德站_出入口1,中捷九德站_出入口1,"202205",,
120.613793928548,24.1105639251785,B0000014221,"9960103",,臺中捷運臺中高鐵站_出入口2,中捷臺中高鐵站_出入口2,"202205",,
120.634471868023,24.1109883676923,B0000006239,"9960103",,臺中捷運九德站_117,中捷九德站_117,"202205",,
120.634100660925,24.1110425635514,B0000014197,"9960103",,臺中捷運九德站_出入口2,中捷九德站_出入口2,"202205",,
120.639687770918,24.1144427059009,B0000014196,"9960103",,臺中捷運九張犁站_出入口,中捷九張犁站_出入口,"202205",,
120.640137134325,24.1144728411877,B0000014186,"9960103",,臺中捷運九張犁站_116,中捷九張犁站_116,"202205",,
120.647734860523,24.1189558905041,B0000014200,"9960103",,臺中捷運大慶站_出入口2,中捷大慶站_出入口2,"202205",,
120.648088112661,24.1190638935743,B0000014201,"9960103",,臺中捷運大慶站_出入口3,中捷大慶站_出入口3,"202205",,
120.647680258494,24.1191012414331,B0000006241,"9960103",,臺中捷運大慶站_115,中捷大慶站_115,"202205",,
120.647512149608,24.1192998797781,B0000014199,"9960103",,臺中捷運大慶站_出入口1,中捷大慶站_出入口1,"202205",,
120.646760628984,24.1324046457065,B0000014224,"9960103",,臺中捷運豐樂公園站_出入口,中捷豐樂公園站_出入口,"202205",,
120.646465413245,24.1326039815176,B0000014187,"9960103",,臺中捷運豐樂公園站_114,中捷豐樂公園站_114,"202205",,
120.647025026526,24.1402987131303,B0000014217,"9960103",,臺中捷運南屯站_出入口,中捷南屯站_出入口,"202205",,
120.646711710649,24.1406102521994,B0000006244,"9960103",,臺中捷運南屯站_113,中捷南屯站_113,"202205",,
120.646417788558,24.1450821226126,B0000014204,"9960103",,臺中捷運文心森林公園站_出入口,中捷文心森林公園站_出入口,"202205",,
120.646711400037,24.1453889261529,B0000014188,"9960103",,臺中捷運文心森林公園站_112,中捷文心森林公園站_112,"202205",,
120.646784295022,24.1531511468668,B0000006246,"9960103",,臺中捷運水安宮站_111,中捷水安宮站_111,"202205",,
120.646464109437,24.1534105661393,B0000014207,"9960103",,臺中捷運水安宮站_出入口,中捷水安宮站_出入口,"202205",,
120.64960787724,24.161497996284,B0000014213,"9960103",,臺中捷運市政府站_出入口2,中捷市政府站_出入口2,"202205",,
120.648944594169,24.1616270456252,B0000014190,"9960103",,臺中捷運市政府站_110,中捷市政府站_110,"202205",,
120.648422573793,24.1621918543742,B0000014212,"9960103",,臺中捷運市政府站_出入口1,中捷市政府站_出入口1,"202205",,
120.653639666489,24.1675233554351,B0000014191,"9960103",,臺中捷運文心櫻花站_109,中捷文心櫻花站_109,"202205",,
120.65361629473,24.1678218389199,B0000014205,"9960103",,臺中捷運文心櫻花站_出入口,中捷文心櫻花站_出入口,"202205",,
120.693492567887,24.1709369805764,B0000014211,"9960103",,臺中捷運四維國小站_出入口,中捷四維國小站_出入口,"202205",,
120.693197383389,24.1712517205756,B0000014192,"9960103",,臺中捷運四維國小站_105,中捷四維國小站_105,"202205",,
120.660270416037,24.1713609074878,B0000014193,"9960103",,臺中捷運文華高中站_108,中捷文華高中站_108,"202205",,
120.660532256797,24.1717441888804,B0000014206,"9960103",,臺中捷運文華高中站_出入口,中捷文華高中站_出入口,"202205",,
120.685166876398,24.1718602412468,B0000014203,"9960103",,臺中捷運文心崇德站_出入口,中捷文心崇德站_出入口,"202205",,
120.684709709045,24.1722113829265,B0000014194,"9960103",,臺中捷運文心崇德站_106,中捷文心崇德站_106,"202205",,
120.670925339798,24.1735282973783,B0000014202,"9960103",,臺中捷運文心中清站_出入口,中捷文心中清站_出入口,"202205",,
120.670607053649,24.1736791359159,B0000006253,"9960103",,臺中捷運文心中清站_107,中捷文心中清站_107,"202205",,
120.70178575477,24.1804962239958,B0000014216,"9960103",,臺中捷運松竹站_出入口3,中捷松竹站_出入口3,"202205",,
120.701620867326,24.1806366823868,B0000014215,"9960103",,臺中捷運松竹站_出入口2,中捷松竹站_出入口2,"202205",,
120.701135381276,24.180813263509,B0000014214,"9960103",,臺中捷運松竹站_出入口1,中捷松竹站_出入口1,"202205",,
120.701461277796,24.1808384652152,B0000014195,"9960103",,臺中捷運松竹站_104,中捷松竹站_104,"202205",,
120.707301835744,24.1823008438928,B0000006255,"9960103",,臺中捷運舊社站_103,中捷舊社站_103,"202205",,
120.707513628232,24.1825951824287,B0000014223,"9960103",,臺中捷運舊社站_出入口,中捷舊社站_出入口,"202205",,
120.708702662978,24.1885701819852,B0000014209,"9960103",,臺中捷運北屯總站_出入口2,中捷北屯總站_出入口2,"202205",,
120.708787973086,24.188864276858,B0000009180,"9960103",,臺中捷運北屯總站_103a,中捷北屯總站_103a,"202205",,
120.708963859608,24.1889227667331,B0000014210,"9960103",,臺中捷運北屯總站_出入口3,中捷北屯總站_出入口3,"202205",,
120.708525890748,24.1892586641527,B0000014208,"9960103",,臺中捷運北屯總站_出入口1,中捷北屯總站_出入口1,"202205",,
120.298829573314,22.7928636572196,E0000014580,"9960103",,高雄捷運岡山車站_出入口1,高捷岡山車站_出入口1,"202411",,
120.299690372368,22.7924858597954,E0000014581,"9960103",,高雄捷運岡山車站_出入口2,高捷岡山車站_出入口2,"202411",,
120.306450179043,22.6759944133692,E0000000042,"9960103",,高雄捷運生態園區站_出入口1,高捷生態園區站_出入口1,"202408",,
120.390530737763,22.6222215577287,E0000014528,"9960103",,高雄捷運大寮(前庄)站_OT1,高捷大寮站,"202407",高雄市大寮區捷西路300號,
120.299025366593,22.7929534483145,E0000014501,"9960103",,高雄捷運岡山車站_RK1,高捷岡山車站_RK1,"202405",,
120.274581481112,22.6214378221617,E0000012968,"9960103",,高雄捷運哈瑪星站_O1,高捷哈瑪星站_O1,"202403",高雄市鼓山區臨海二路17-1號,
120.275330456579,22.6215028012403,E0000004725,"9960103",,高雄捷運哈瑪星站_出入口2,高捷哈瑪星站_出入口2,"202403",,
120.273345685993,22.621928601491,E0000004721,"9960103",,高雄捷運哈瑪星站_出入口1,高捷哈瑪星站_出入口1,"202403",,
120.334825668966,22.6266331289632,E0000004054,"9960103",,高雄捷運苓雅運動園區站_出入口3,高捷苓雅運動園區站_出入口3,"202403",,
120.334090306102,22.6271272683616,E0000004053,"9960103",,高雄捷運苓雅運動園區站_出入口2,高捷苓雅運動園區站_出入口2,"202403",,
120.334570127023,22.6272958926476,E0000005844,"9960103",,高雄捷運苓雅運動園區站_O9,高捷苓雅運動園區站_O9,"202403",高雄市苓雅區中正一路99號,
120.335123351986,22.6273177850808,E0000004052,"9960103",,高雄捷運苓雅運動園區站_出入口4,高捷苓雅運動園區站_出入口4,"202403",,
120.333897796028,22.6277631967074,E0000004046,"9960103",,高雄捷運苓雅運動園區站_出入口1,高捷苓雅運動園區站_出入口1,"202403",,
120.29381745701,22.6284200389389,E0000004110,"9960103",,高雄捷運前金站_出入口2,高捷前金站_出入口2,"202403",,
120.294560201838,22.6289610457331,E0000005841,"9960103",,高雄捷運前金站_O4,高捷前金站_O4,"202403",高雄市前金區中正四路192-1號,
120.295315429612,22.6290376113685,E0000004109,"9960103",,高雄捷運前金站_出入口3,高捷前金站_出入口3,"202403",,
120.293630399317,22.6290365212737,E0000004104,"9960103",,高雄捷運前金站_出入口1,高捷前金站_出入口1,"202403",,
120.295231637394,22.6292938299242,E0000004108,"9960103",,高雄捷運前金站_出入口4,高捷前金站_出入口4,"202403",,
120.306558478311,22.7183641757945,E0000000516,"9960103",,高雄捷運楠梓科技園區站_出入口2,高捷楠梓科技園區站_出入口2,"202403",,
120.306989300032,22.7184807427657,E0000000518,"9960103",,高雄捷運楠梓科技園區站_出入口3,高捷楠梓科技園區站_出入口3,"202403",,
120.306367141223,22.7186351034634,E0000000522,"9960103",,高雄捷運楠梓科技園區站_出入口1,高捷楠梓科技園區站_出入口1,"202403",,
120.3071967552,22.7186918051845,E0000005858,"9960103",,高雄捷運楠梓科技園區站_R19,高捷楠梓科技園區站_R19,"202403",高雄市楠梓區加昌路598號,
120.307679474981,22.7187548577342,E0000000524,"9960103",,高雄捷運楠梓科技園區站_出入口4,高捷楠梓科技園區站_出入口4,"202403",,
120.307539353184,22.718948968596,E0000000527,"9960103",,高雄捷運楠梓科技園區站_出入口5,高捷楠梓科技園區站_出入口5,"202403",,
120.307820839971,22.7190481782256,E0000000528,"9960103",,高雄捷運楠梓科技園區站_出入口6,高捷楠梓科技園區站_出入口6,"202403",,
120.301256336803,22.7804618168699,E0000001023,"9960103",,高雄捷運岡山高醫站_出入口1,高捷岡山高醫站_出入口1,"202403",,
120.301785951333,22.7808069659045,E0000005849,"9960103",,高雄捷運岡山高醫站_R24,高捷岡山高醫站_R24,"202403",高雄市岡山區中山南路2號,
120.301681114096,22.7811715565883,E0000001026,"9960103",,高雄捷運岡山高醫站_出入口2,高捷岡山高醫站_出入口2,"202403",,
120.354049431621,22.5639525843931,E0000005582,"9960103",,高雄捷運小港(小港醫院)站_出入口1,高捷小港站_出入口1,"202205",,
120.354508188553,22.5643493828205,E0000005583,"9960103",,高雄捷運小港(小港醫院)站_出入口2,高捷小港站_出入口2,"202205",,
120.353768974687,22.564758619478,E0000012965,"9960103",,高雄捷運小港(小港醫院)站_R3,高捷小港站_R3,"202205",高雄市小港區沿海一路280號,
120.353196868899,22.5648133988984,E0000005585,"9960103",,高雄捷運小港(小港醫院)站_出入口4,高捷小港站_出入口4,"202205",,
120.353603559651,22.5653341768039,E0000005584,"9960103",,高雄捷運小港(小港醫院)站_出入口3,高捷小港站_出入口3,"202205",,
120.343956191042,22.5693179857777,E0000005581,"9960103",,高雄捷運高雄國際機場站_出入口1,高捷高雄國際機場站_出入口1,"202205",,
120.342575968933,22.5699525110777,E0000005855,"9960103",,高雄捷運高雄國際機場站_R4,高捷高雄國際機場站_R4,"202205",高雄市小港區中山四路2-2號,
120.343184925016,22.5701827791685,E0000005586,"9960103",,高雄捷運高雄國際機場站_出入口4,高捷高雄國際機場站_出入口4,"202205",,
120.341818056712,22.5702321004182,E0000005589,"9960103",,高雄捷運高雄國際機場站_出入口3,高捷高雄國際機場站_出入口3,"202205",,
120.341460934533,22.5702411151581,E0000005588,"9960103",,高雄捷運高雄國際機場站_出入口5,高捷高雄國際機場站_出入口5,"202205",,
120.341191059751,22.5702541875628,E0000005587,"9960103",,高雄捷運高雄國際機場站_出入口7,高捷高雄國際機場站_出入口7,"202205",,
120.34367789342,22.5705511183549,E0000005591,"9960103",,高雄捷運高雄國際機場站_出入口2,高捷高雄國際機場站_出入口2,"202205",,
120.341804137485,22.5710858079717,E0000005590,"9960103",,高雄捷運高雄國際機場站_出入口6,高捷高雄國際機場站_出入口6,"202205",,
120.328699806831,22.5794801743832,E0000005592,"9960103",,高雄捷運草衙(高雄捷運公司)站_出入口1,高捷草衙站_出入口1,"202205",,
120.328639414544,22.5800912746324,E0000005853,"9960103",,高雄捷運草衙(高雄捷運公司)站_R4A,高捷草衙站_R4A,"202205",高雄市前鎮區翠亨南路555號,
120.328362214761,22.5802544021362,E0000005599,"9960103",,高雄捷運草衙(高雄捷運公司)站_出入口3,高捷草衙站_出入口3,"202205",,
120.327972295929,22.5807190755919,E0000005600,"9960103",,高雄捷運草衙(高雄捷運公司)站_出入口4,高捷草衙站_出入口4,"202205",,
120.329149762938,22.580845380582,E0000005598,"9960103",,高雄捷運草衙(高雄捷運公司)站_出入口2,高捷草衙站_出入口2,"202205",,
120.321772786605,22.5878276517024,E0000005593,"9960103",,高雄捷運前鎮高中站_出入口1,高捷前鎮高中站_出入口1,"202205",,
120.321753182764,22.5882601835864,E0000005848,"9960103",,高雄捷運前鎮高中站_R5,高捷前鎮高中站_R5,"202205",高雄市前鎮區翠亨北路225號,
120.321169744447,22.5888047640666,E0000005601,"9960103",,高雄捷運前鎮高中站_出入口3,高捷前鎮高中站_出入口3,"202205",,
120.322227279671,22.5888795866767,E0000005597,"9960103",,高雄捷運前鎮高中站_出入口2,高捷前鎮高中站_出入口2,"202205",,
120.315291760846,22.5961253166926,E0000005594,"9960103",,高雄捷運凱旋站_出入口1,高捷凱旋站_出入口1,"202205",,
120.316107870755,22.5964782279092,E0000005595,"9960103",,高雄捷運凱旋站_出入口2,高捷凱旋站_出入口2,"202205",,
120.315186992879,22.596611854193,E0000005857,"9960103",,高雄捷運凱旋站_R6,高捷凱旋站_R6,"202205",高雄市前鎮區中山三路1號,
120.314301678032,22.5975821348731,E0000005596,"9960103",,高雄捷運凱旋站_出入口3,高捷凱旋站_出入口3,"202205",,
120.308315905648,22.6052127245735,E0000004722,"9960103",,高雄捷運獅甲(勞工公園)站_出入口1,高捷獅甲站_出入口1,"202205",,
120.308697725711,22.6057057793274,E0000004723,"9960103",,高雄捷運獅甲(勞工公園)站_出入口2,高捷獅甲站_出入口2,"202205",,
120.308234218698,22.6057935551963,E0000005859,"9960103",,高雄捷運獅甲(勞工公園)站_R7,高捷獅甲站_R7,"202205",高雄市前鎮區中山三路150號,
120.307553617048,22.6063467865104,E0000004726,"9960103",,高雄捷運獅甲(勞工公園)站_出入口4,高捷獅甲站_出入口4,"202205",,
120.307986976582,22.6066569042494,E0000004727,"9960103",,高雄捷運獅甲(勞工公園)站_出入口3,高捷獅甲站_出入口3,"202205",,
120.304595932958,22.6127561777463,E0000004724,"9960103",,高雄捷運三多商圈站_出入口2,高捷三多商圈站_出入口2,"202205",,
120.305036066858,22.6131256681783,E0000004733,"9960103",,高雄捷運三多商圈站_出入口3,高捷三多商圈站_出入口3,"202205",,
120.304790710754,22.6132236813881,E0000005830,"9960103",,高雄捷運三多商圈站_R8,高捷三多商圈站_R8,"202205",高雄市前鎮區中山二路268號,
120.304159738284,22.6132469589499,E0000004720,"9960103",,高雄捷運三多商圈站_出入口1,高捷三多商圈站_出入口1,"202205",,
120.390666337215,22.6212593828316,E0000005015,"9960103",,高雄捷運大寮(前庄)站_出入口2,高捷大寮站_出入口2,"202205",,
120.390842139965,22.6217682642749,E0000005014,"9960103",,高雄捷運大寮(前庄)站_出入口1,高捷大寮站_出入口1,"202205",,
120.283397347711,22.6232300075245,E0000004728,"9960103",,高雄捷運鹽埕埔站_出入口1,高捷鹽埕埔站_出入口1,"202205",,
120.30122575071,22.6237492101853,E0000004093,"9960103",,高雄捷運中央公園站_出入口2,高捷中央公園站_出入口2,"202205",,
120.283877331811,22.6237391809183,E0000004106,"9960103",,高雄捷運鹽埕埔站_出入口4,高捷鹽埕埔站_出入口4,"202205",,
120.283945167956,22.6238718876734,E0000005865,"9960103",,高雄捷運鹽埕埔站_O2,高捷鹽埕埔站_O2,"202205",高雄市鹽埕區大勇路96號,
120.371803433641,22.6243290207229,E0000008812,"9960103",,高雄捷運鳳山國中站_出入口2,高捷鳳山國中站_出入口2,"202205",,
120.2840449717,22.6240597374149,E0000004107,"9960103",,高雄捷運鹽埕埔站_出入口3,高捷鹽埕埔站_出入口3,"202205",,
120.371410836946,22.6247334561067,E0000004051,"9960103",,高雄捷運鳳山國中站_出入口1,高捷鳳山國中站_出入口1,"202205",,
120.284457766234,22.624467364697,E0000004105,"9960103",,高雄捷運鹽埕埔站_出入口2,高捷鹽埕埔站_出入口2,"202205",,
120.372482213716,22.624866712853,E0000005861,"9960103",,高雄捷運鳳山國中站_O14,高捷鳳山國中站,"202205",高雄市鳳山區中山東路225號,
120.341021687325,22.6248223948071,E0000004056,"9960103",,高雄捷運衛武營站_出入口3,高捷衛武營站_出入口3,"202205",,
120.347342497879,22.6249447834918,E0000004050,"9960103",,高雄捷運鳳山西站(高雄市議會)_出入口1,高捷鳳山西站_出入口1,"202205",,
120.301182544154,22.6248047200431,E0000005834,"9960103",,高雄捷運中央公園站_R9,高捷中央公園站_R9,"202205",高雄市前金區中山一路11號,
120.373601926823,22.6251175621826,E0000004063,"9960103",,高雄捷運鳳山國中站_出入口3,高捷鳳山國中站_出入口3,"202205",,
120.341499109379,22.6250063426295,E0000005862,"9960103",,高雄捷運衛武營站_O10,高捷衛武營站_O10,"202205",高雄市苓雅區中正一路2號,
120.342672835225,22.625055952214,E0000004058,"9960103",,高雄捷運衛武營站_出入口5,高捷衛武營站_出入口5,"202205",,
120.300436436544,22.6248958479436,E0000004091,"9960103",,高雄捷運中央公園站_出入口1,高捷中央公園站_出入口1,"202205",,
120.348965667374,22.6251083476187,E0000004059,"9960103",,高雄捷運鳳山西站(高雄市議會)_出入口2,高捷鳳山西站_出入口2,"202205",,
120.340386916984,22.6250929027261,E0000004055,"9960103",,高雄捷運衛武營站_出入口2,高捷衛武營站_出入口2,"202205",,
120.362818705723,22.6251999135439,E0000004061,"9960103",,高雄捷運大東站_出入口2,高捷大東站_出入口2,"202311",,
120.363343646589,22.6252301754537,E0000005831,"9960103",,高雄捷運大東站_O13,高捷大東站,"202205",高雄市鳳山區光遠路226號,
120.341853216765,22.6251543790889,E0000004057,"9960103",,高雄捷運衛武營站_出入口4,高捷衛武營站_出入口4,"202205",,
120.347352086198,22.6252422320617,E0000012969,"9960103",,高雄捷運鳳山西站(高雄市議會)_O11,高捷鳳山西站_O11,"202205",高雄市鳳山區自由路281號,
120.363635802713,22.625489820443,E0000004049,"9960103",,高雄捷運大東站_出入口1,高捷大東站_出入口1,"202205",,
120.340465912892,22.6255887910115,E0000004048,"9960103",,高雄捷運衛武營站_出入口1,高捷衛武營站_出入口1,"202205",,
120.355821515796,22.6257859397706,E0000004060,"9960103",,高雄捷運鳳山站_出入口1,高捷鳳山站_出入口1,"202205",,
120.355860779875,22.626021370299,E0000005860,"9960103",,高雄捷運鳳山站_O12,高捷鳳山站_O12,"202205",高雄市鳳山區光遠路446號,
120.301474607111,22.6258530205103,E0000004092,"9960103",,高雄捷運中央公園站_出入口3,高捷中央公園站_出入口3,"202205",,
120.355861698581,22.6262375919542,E0000004047,"9960103",,高雄捷運鳳山站_出入口2,高捷鳳山站_出入口2,"202205",,
120.327879422896,22.6291673426926,E0000004076,"9960103",,高雄捷運五塊厝站_出入口4,高捷五塊厝站_出入口4,"202205",,
120.328553209283,22.6294465298145,E0000004111,"9960103",,高雄捷運五塊厝站_出入口6,高捷五塊厝站_出入口6,"202205",,
120.326923069789,22.6294740180185,E0000004075,"9960103",,高雄捷運五塊厝站_出入口3,高捷五塊厝站_出入口3,"202205",,
120.327704697218,22.6295388908917,E0000005835,"9960103",,高雄捷運五塊厝站_O8,高捷五塊厝站_O8,"202205",高雄市苓雅區中正一路286號,
120.328019527349,22.6296282686598,E0000004077,"9960103",,高雄捷運五塊厝站_出入口5,高捷五塊厝站_出入口5,"202205",,
120.327442360699,22.6297265511452,E0000004064,"9960103",,高雄捷運五塊厝站_出入口2,高捷五塊厝站_出入口2,"202205",,
120.326983452665,22.6297620170518,E0000004074,"9960103",,高雄捷運五塊厝站_出入口1,高捷五塊厝站_出入口1,"202205",,
120.318326454762,22.6298593976785,E0000004112,"9960103",,高雄捷運文化中心站_出入口3,高捷文化中心站_出入口3,"202205",,
120.31699304306,22.630178772752,E0000004073,"9960103",,高雄捷運文化中心站_出入口2,高捷文化中心站_出入口2,"202205",,
120.317722264835,22.6302452772358,E0000005836,"9960103",,高雄捷運文化中心站_O7,高捷文化中心站_O7,"202205",高雄市苓雅區中正二路45號,
120.318193824273,22.6304438103638,E0000004113,"9960103",,高雄捷運文化中心站_出入口4,高捷文化中心站_出入口4,"202205",,
120.316643857129,22.6304991703206,E0000004072,"9960103",,高雄捷運文化中心站_出入口1,高捷文化中心站_出入口1,"202205",,
120.312172301028,22.630525216009,E0000004070,"9960103",,高雄捷運信義國小站_出入口4,高捷信義國小站_出入口4,"202205",,
120.310521510822,22.6306364412618,E0000004069,"9960103",,高雄捷運信義國小站_出入口3,高捷信義國小站_出入口3,"202205",,
120.311552439201,22.6307184504287,E0000005847,"9960103",,高雄捷運信義國小站_O6,高捷信義國小站_O6,"202205",高雄市新興區中正三路32-1號,
120.312304830019,22.630805130746,E0000004071,"9960103",,高雄捷運信義國小站_出入口5,高捷信義國小站_出入口5,"202205",,
120.311363739305,22.6308904137805,E0000004068,"9960103",,高雄捷運信義國小站_出入口2,高捷信義國小站_出入口2,"202205",,
120.310592865218,22.6309542977983,E0000004065,"9960103",,高雄捷運信義國小站_出入口1,高捷信義國小站_出入口1,"202205",,
120.302211030734,22.6309716991991,E0000004094,"9960103",,高雄捷運美麗島站_出入口3,高捷美麗島站_出入口3,"202205",,
120.301588658713,22.6310080064969,E0000004097,"9960103",,高雄捷運美麗島站_出入口2,高捷美麗島站_出入口2,"202205",,
120.304142003532,22.6310890994879,E0000004100,"9960103",,高雄捷運美麗島站_出入口6,高捷美麗島站_出入口6,"202205",,
120.303499927478,22.6311343593971,E0000004101,"9960103",,高雄捷運美麗島站_出入口5,高捷美麗島站_出入口5,"202205",,
120.301914772067,22.6313231827073,E0000005852,"9960103",,"高雄捷運美麗島站_O5,R10","高捷美麗島站_O5,R10","202205",高雄市新興區中山一路115號,
120.304156843432,22.6313769085075,E0000004103,"9960103",,高雄捷運美麗島站_出入口8,高捷美麗島站_出入口8,"202205",,
120.303594696188,22.6314199869236,E0000004102,"9960103",,高雄捷運美麗島站_出入口7,高捷美麗島站_出入口7,"202205",,
120.301472412861,22.6316859498821,E0000004096,"9960103",,高雄捷運美麗島站_出入口1,高捷美麗島站_出入口1,"202205",,
120.302306480899,22.6317423248601,E0000004095,"9960103",,高雄捷運美麗島站_出入口4,高捷美麗島站_出入口4,"202205",,
120.302177897115,22.6322737230278,E0000004099,"9960103",,高雄捷運美麗島站_出入口10,高捷美麗島站_出入口10,"202205",,
120.301844763393,22.6322997301171,E0000004098,"9960103",,高雄捷運美麗島站_出入口9,高捷美麗島站_出入口9,"202205",,
120.301882838567,22.6327363900635,E0000004090,"9960103",,高雄捷運美麗島站_出入口11,高捷美麗島站_出入口11,"202205",,
120.302578553547,22.6390927497414,E0000011390,"9960103",,高雄捷運高雄車站_R11,高捷高雄車站_R11,"202205",高雄市三民區建國二路320號,
120.302554624669,22.6392708370669,E0000012958,"9960103",,高雄捷運高雄車站_出入口2,高捷高車雄站_出入口2,"202205",,
120.303605561979,22.6478749668633,E0000004089,"9960103",,高雄捷運後驛(高醫大)站_出入口2,高捷後驛站_出入口2,"202205",,
120.303111309544,22.6479360389497,E0000004088,"9960103",,高雄捷運後驛(高醫大)站_出入口1,高捷後驛站_出入口1,"202205",,
120.303334015448,22.6484273286302,E0000005851,"9960103",,高雄捷運後驛(高醫大)站_R12,高捷後驛站_R12,"202205",高雄市三民區博愛一路220號,
120.303674201459,22.6489364708748,E0000004086,"9960103",,高雄捷運後驛(高醫大)站_出入口3,高捷後驛站_出入口3,"202205",,
120.303195144493,22.6491340750808,E0000004085,"9960103",,高雄捷運後驛(高醫大)站_出入口4,高捷後驛站_出入口4,"202205",,
120.303409846638,22.6570341657322,E0000004084,"9960103",,高雄捷運凹子底站_出入口2,高捷凹子底站_出入口2,"202205",,
120.3028268493,22.6570847342589,E0000004066,"9960103",,高雄捷運凹子底站_出入口1,高捷凹子底站_出入口1,"202205",,
120.303112436508,22.6573638767411,E0000005838,"9960103",,高雄捷運凹子底站_R13,高捷凹子底站_R13,"202205",高雄市鼓山區博愛二路21號,
120.303225951313,22.657866523377,E0000008835,"9960103",,高雄捷運凹子底站_出入口3,高捷凹子底站_出入口3,"202205",,
120.30260922094,22.6586680072894,E0000004082,"9960103",,高雄捷運凹子底站_出入口4,高捷凹子底站_出入口4,"202205",,
120.302991585294,22.6656087674733,E0000004078,"9960103",,高雄捷運巨蛋(三民家商)站_出入口2,高捷巨蛋站_出入口2,"202205",,
120.302729745294,22.6659158727539,E0000004067,"9960103",,高雄捷運巨蛋(三民家商)站_出入口1,高捷巨蛋站_出入口1,"202205",,
120.303309781645,22.6659819792761,E0000005840,"9960103",,高雄捷運巨蛋(三民家商)站_R14,高捷巨蛋站_R14,"202205",高雄市左營區博愛二路485號,
120.303137081839,22.6663273148539,E0000004079,"9960103",,高雄捷運巨蛋(三民家商)站_出入口3,高捷巨蛋站_出入口3,"202205",,
120.303496185507,22.6666744232663,E0000004081,"9960103",,高雄捷運巨蛋(三民家商)站_出入口4,高捷巨蛋站_出入口4,"202205",,
120.303152781049,22.6666992108001,E0000004080,"9960103",,高雄捷運巨蛋(三民家商)站_出入口5,高捷巨蛋站_出入口5,"202205",,
120.30650486,22.6766567312261,E0000005842,"9960103",,高雄捷運生態園區站_R15,高捷生態園區站_R15,"202205",高雄市左營區博愛三路435號,
120.30659891374,22.6773473264603,E0000000068,"9960103",,高雄捷運生態園區站_出入口2,高捷生態園區站_出入口2,"202205",,
120.308651385552,22.687556922334,E0000000236,"9960103",,高雄捷運左營／高鐵站_出入口1,高捷左營／高鐵站_出入口1,"202205",,
120.309014386544,22.6880048265399,E0000005839,"9960103",,高雄捷運左營／高鐵站_R16,高捷左營／高鐵站,"202205",高雄市左營區高鐵路107號,
120.308622950346,22.6880884830358,E0000000249,"9960103",,高雄捷運左營／高鐵站_出入口2,高捷左營／高鐵站_出入口2,"202205",,
120.302762795541,22.7012973490238,E0000000370,"9960103",,高雄捷運世運(國家體育園區)站_出入口3,高捷世運站_出入口3,"202205",,
120.302349378692,22.7013062030891,E0000000371,"9960103",,高雄捷運世運(國家體育園區)站_出入口1,高捷世運站_出入口1,"202205",,
120.30250581867,22.7015973381914,E0000005837,"9960103",,高雄捷運世運(國家體育園區)站_R17,高捷世運站_R17,"202205",高雄市楠梓區左楠路1號,
120.302311330633,22.7019547685346,E0000000383,"9960103",,高雄捷運世運(國家體育園區)站_出入口2,高捷世運站_出入口2,"202205",,
120.302710552823,22.7019589471214,E0000000384,"9960103",,高雄捷運世運(國家體育園區)站_出入口4,高捷世運站_出入口4,"202205",,
120.302463784298,22.7083429396878,E0000000412,"9960103",,高雄捷運油廠國小站_出入口3,高捷油廠國小站_出入口3,"202205",,
120.302146946866,22.7083486937679,E0000000413,"9960103",,高雄捷運油廠國小站_出入口1,高捷油廠國小站_出入口1,"202205",,
120.302305860152,22.7086283690994,E0000005845,"9960103",,高雄捷運油廠國小站_R18,高捷油廠國小站_R18,"202205",高雄市楠梓區左楠路6號,
120.302110967735,22.7088575498392,E0000000424,"9960103",,高雄捷運油廠國小站_出入口2,高捷油廠國小站_出入口2,"202205",,
120.30246378285,22.7088662246947,E0000000425,"9960103",,高雄捷運油廠國小站_出入口4,高捷油廠國小站_出入口4,"202205",,
120.316645394005,22.722457673143,E0000012885,"9960103",,高雄捷運後勁(海科大)站_R20,高捷後勁站_R20,"202205",高雄市楠梓區加昌路178號,
120.31623917333,22.7224595487014,E0000000566,"9960103",,高雄捷運後勁(海科大)站_出入口1,高捷後勁站_出入口1,"202205",,
120.316974073314,22.7225156145263,E0000000568,"9960103",,高雄捷運後勁(海科大)站_出入口3,高捷後勁站_出入口3,"202205",,
120.316890819238,22.7227233436995,E0000000573,"9960103",,高雄捷運後勁(海科大)站_出入口2,高捷後勁站_出入口2,"202205",,
120.320905394406,22.7288554745322,E0000000702,"9960103",,高雄捷運都會公園站_出入口1,高捷都會公園站_出入口1,"202205",,
120.32134009906,22.7289432991743,E0000000708,"9960103",,高雄捷運都會公園站_出入口2,高捷都會公園站_出入口2,"202205",,
120.320988136599,22.7293367504256,E0000005856,"9960103",,高雄捷運都會公園站_R21,高捷都會公園站_R21,"202205",高雄市楠梓區高楠公路1835號,
120.320611930493,22.7298585255084,E0000000737,"9960103",,高雄捷運都會公園站_出入口4,高捷都會公園站_出入口4,"202205",,
120.321054764067,22.7299264279091,E0000000739,"9960103",,高雄捷運都會公園站_出入口3,高捷都會公園站_出入口3,"202205",,
120.317727376011,22.7437236129544,E0000000863,"9960103",,高雄捷運青埔(高科大)站_出入口,高捷青埔站_出入口,"202205",,
120.31772080795,22.7438978009655,E0000005846,"9960103",,高雄捷運青埔(高科大)站_R22,高捷青埔站_R22,"202205",高雄市橋頭區經武路20號,
120.314536537521,22.7527891694017,E0000000896,"9960103",,高雄捷運橋頭糖廠站_出入口1,高捷橋頭糖廠站_出入口1,"202205",,
120.314859467827,22.7529348777854,E0000000900,"9960103",,高雄捷運橋頭糖廠站_出入口3,高捷橋頭糖廠站_出入口3,"202205",,
120.314775818823,22.7530723397604,E0000005864,"9960103",,高雄捷運橋頭糖廠站_R22A,高捷橋頭糖廠站_R22A,"202205",高雄市橋頭區興糖路19號,
120.314735733914,22.7532032120663,E0000000901,"9960103",,高雄捷運橋頭糖廠站_出入口2,高捷橋頭糖廠站_出入口2,"202205",,
120.311434325287,22.7599978952136,E0000000943,"9960103",,高雄捷運橋頭火車站_出入口1,高捷橋頭火車站_出入口1,"202205",,
120.31093809298,22.7603736307211,E0000005863,"9960103",,高雄捷運橋頭火車站_R23,高捷橋頭火車站_R23,"202205",高雄市橋頭區站前街12-1號,
120.309863232948,22.760961809876,E0000000960,"9960103",,高雄捷運橋頭火車站_出入口2,高捷橋頭火車站_出入口2,"202205",,
